COUNTRY,DATATYPE,PRODUCT,FLOW,TIME,VALUE
AUSTRALI,BALANCE,NATGASCM,GDINCTRO,2020,57291
AUSTRALI,BALANCE,NATGASCM,GDINCTRO,2021,55420
AUSTRALI,BALANCE,NATGASCM,GDINCTRO,3Q2022,16558
AUSTRALI,BALANCE,NATGASCM,GDINCTRO,Nov-21,4496
AUSTRALI,BALANCE,NATGASCM,GDINCTRO,Nov-22,4599
AUSTRALI,BALANCE,NATGASCM,GDINCTRO,YTD2021,50984
AUSTRALI,BALANCE,NATGASCM,GDINCTRO,YTD2022,53705
AUSTRALI,BALANCE,NATGASCM,INDPROD,2020,153014
AUSTRALI,BALANCE,NATGASCM,INDPROD,2021,156154
AUSTRALI,BALANCE,NATGASCM,INDPROD,3Q2022,41819
AUSTRALI,BALANCE,NATGASCM,INDPROD,Nov-21,13310
AUSTRALI,BALANCE,NATGASCM,INDPROD,Nov-22,13471
AUSTRALI,BALANCE,NATGASCM,INDPROD,YTD2021,142929
AUSTRALI,BALANCE,NATGASCM,INDPROD,YTD2022,149142
AUSTRALI,BALANCE,NATGASCM,TOTENTSB,2020,6711
AUSTRALI,BALANCE,NATGASCM,TOTENTSB,2021,6069
AUSTRALI,BALANCE,NATGASCM,TOTENTSB,3Q2022,463
AUSTRALI,BALANCE,NATGASCM,TOTENTSB,Nov-21,461
AUSTRALI,BALANCE,NATGASCM,TOTENTSB,Nov-22,181
AUSTRALI,BALANCE,NATGASCM,TOTENTSB,YTD2021,5596
AUSTRALI,BALANCE,NATGASCM,TOTENTSB,YTD2022,2787
AUSTRALI,BALANCE,NATGASCM,TOTEXTSB,2020,102434
AUSTRALI,BALANCE,NATGASCM,TOTEXTSB,2021,106803
AUSTRALI,BALANCE,NATGASCM,TOTEXTSB,3Q2022,25724
AUSTRALI,BALANCE,NATGASCM,TOTEXTSB,Nov-21,9275
AUSTRALI,BALANCE,NATGASCM,TOTEXTSB,Nov-22,9053
AUSTRALI,BALANCE,NATGASCM,TOTEXTSB,YTD2021,97541
AUSTRALI,BALANCE,NATGASCM,TOTEXTSB,YTD2022,98224
AUSTRIA,BALANCE,NATGASCM,GDINCTRO,2020,8823.864
AUSTRIA,BALANCE,NATGASCM,GDINCTRO,2021,9343.52
AUSTRIA,BALANCE,NATGASCM,GDINCTRO,3Q2022,1138.676
AUSTRIA,BALANCE,NATGASCM,GDINCTRO,Nov-21,1074.752
AUSTRIA,BALANCE,NATGASCM,GDINCTRO,Nov-22,804.768
AUSTRIA,BALANCE,NATGASCM,GDINCTRO,YTD2021,8173.801
AUSTRIA,BALANCE,NATGASCM,GDINCTRO,YTD2022,7184.425
AUSTRIA,BALANCE,NATGASCM,INDPROD,2020,786.796
AUSTRIA,BALANCE,NATGASCM,INDPROD,2021,708.413
AUSTRIA,BALANCE,NATGASCM,INDPROD,3Q2022,161.135
AUSTRIA,BALANCE,NATGASCM,INDPROD,Nov-21,61.665
AUSTRIA,BALANCE,NATGASCM,INDPROD,Nov-22,47.327
AUSTRIA,BALANCE,NATGASCM,INDPROD,YTD2021,642.005
AUSTRIA,BALANCE,NATGASCM,INDPROD,YTD2022,600.165
AUSTRIA,BALANCE,NATGASCM,STCHANAT,2020,-1586.326
AUSTRIA,BALANCE,NATGASCM,STCHANAT,2021,-3891.27
AUSTRIA,BALANCE,NATGASCM,STCHANAT,3Q2022,3085.691
AUSTRIA,BALANCE,NATGASCM,STCHANAT,Nov-21,-893.2
AUSTRIA,BALANCE,NATGASCM,STCHANAT,Nov-22,95.263
AUSTRIA,BALANCE,NATGASCM,STCHANAT,YTD2021,-2816.572
AUSTRIA,BALANCE,NATGASCM,STCHANAT,YTD2022,5239.649
AUSTRIA,BALANCE,NATGASCM,TOTENTSB,2020,45079.507
AUSTRIA,BALANCE,NATGASCM,TOTENTSB,2021,41461.888
AUSTRIA,BALANCE,NATGASCM,TOTENTSB,3Q2022,7991.566
AUSTRIA,BALANCE,NATGASCM,TOTENTSB,Nov-21,3032.31
AUSTRIA,BALANCE,NATGASCM,TOTENTSB,Nov-22,1561.986
AUSTRIA,BALANCE,NATGASCM,TOTENTSB,YTD2021,37772.625
AUSTRIA,BALANCE,NATGASCM,TOTENTSB,YTD2022,29693.898
AUSTRIA,BALANCE,NATGASCM,TOTEXTSB,2020,38618.075
AUSTRIA,BALANCE,NATGASCM,TOTEXTSB,2021,36707.595
AUSTRIA,BALANCE,NATGASCM,TOTEXTSB,3Q2022,3929.339
AUSTRIA,BALANCE,NATGASCM,TOTEXTSB,Nov-21,2907.476
AUSTRIA,BALANCE,NATGASCM,TOTEXTSB,Nov-22,716.156
AUSTRIA,BALANCE,NATGASCM,TOTEXTSB,YTD2021,33051.904
AUSTRIA,BALANCE,NATGASCM,TOTEXTSB,YTD2022,17887.07
BELGIUM,BALANCE,NATGASCM,GDINCTRO,2020,18276
BELGIUM,BALANCE,NATGASCM,GDINCTRO,2021,18343.4
BELGIUM,BALANCE,NATGASCM,GDINCTRO,3Q2022,2817.6
BELGIUM,BALANCE,NATGASCM,GDINCTRO,Nov-21,1894.9
BELGIUM,BALANCE,NATGASCM,GDINCTRO,Nov-22,1336.2
BELGIUM,BALANCE,NATGASCM,GDINCTRO,YTD2021,16333.3
BELGIUM,BALANCE,NATGASCM,GDINCTRO,YTD2022,13869.1
BELGIUM,BALANCE,NATGASCM,INDPROD,2020,6.9
BELGIUM,BALANCE,NATGASCM,INDPROD,2021,13.2
BELGIUM,BALANCE,NATGASCM,INDPROD,3Q2022,7.2
BELGIUM,BALANCE,NATGASCM,INDPROD,Nov-21,1.5
BELGIUM,BALANCE,NATGASCM,INDPROD,Nov-22,2.5
BELGIUM,BALANCE,NATGASCM,INDPROD,YTD2021,11.8
BELGIUM,BALANCE,NATGASCM,INDPROD,YTD2022,24.8
BELGIUM,BALANCE,NATGASCM,STCHANAT,2020,-147.3
BELGIUM,BALANCE,NATGASCM,STCHANAT,2021,-13.9
BELGIUM,BALANCE,NATGASCM,STCHANAT,3Q2022,258.5
BELGIUM,BALANCE,NATGASCM,STCHANAT,Nov-21,-322.3
BELGIUM,BALANCE,NATGASCM,STCHANAT,Nov-22,-183.9
BELGIUM,BALANCE,NATGASCM,STCHANAT,YTD2021,24.1
BELGIUM,BALANCE,NATGASCM,STCHANAT,YTD2022,264.5
BELGIUM,BALANCE,NATGASCM,TOTENTSB,2020,42696.4
BELGIUM,BALANCE,NATGASCM,TOTENTSB,2021,41005.2
BELGIUM,BALANCE,NATGASCM,TOTENTSB,3Q2022,15337
BELGIUM,BALANCE,NATGASCM,TOTENTSB,Nov-21,3374.7
BELGIUM,BALANCE,NATGASCM,TOTENTSB,Nov-22,4866.5
BELGIUM,BALANCE,NATGASCM,TOTENTSB,YTD2021,36959.1
BELGIUM,BALANCE,NATGASCM,TOTENTSB,YTD2022,55504.9
BELGIUM,BALANCE,NATGASCM,TOTEXTSB,2020,24630.7
BELGIUM,BALANCE,NATGASCM,TOTEXTSB,2021,22707.729
BELGIUM,BALANCE,NATGASCM,TOTEXTSB,3Q2022,12269.3
BELGIUM,BALANCE,NATGASCM,TOTEXTSB,Nov-21,1797.5
BELGIUM,BALANCE,NATGASCM,TOTEXTSB,Nov-22,3712.8
BELGIUM,BALANCE,NATGASCM,TOTEXTSB,YTD2021,20633.929
BELGIUM,BALANCE,NATGASCM,TOTEXTSB,YTD2022,41357.6
CANADA,BALANCE,NATGASCM,GDINCTRO,2020,133021.767
CANADA,BALANCE,NATGASCM,GDINCTRO,2021,137805.594
CANADA,BALANCE,NATGASCM,GDINCTRO,3Q2022,28248.202
CANADA,BALANCE,NATGASCM,GDINCTRO,Nov-21,12416.42
CANADA,BALANCE,NATGASCM,GDINCTRO,Nov-22,13680.096
CANADA,BALANCE,NATGASCM,GDINCTRO,YTD2021,122632.952
CANADA,BALANCE,NATGASCM,GDINCTRO,YTD2022,127077.313
CANADA,BALANCE,NATGASCM,INDPROD,2020,183527.509
CANADA,BALANCE,NATGASCM,INDPROD,2021,190348.203
CANADA,BALANCE,NATGASCM,INDPROD,3Q2022,50547.197
CANADA,BALANCE,NATGASCM,INDPROD,Nov-21,16478.08
CANADA,BALANCE,NATGASCM,INDPROD,Nov-22,17285.354
CANADA,BALANCE,NATGASCM,INDPROD,YTD2021,173459.63
CANADA,BALANCE,NATGASCM,INDPROD,YTD2022,185180.864
CANADA,BALANCE,NATGASCM,STCHANAT,2020,3216.792
CANADA,BALANCE,NATGASCM,STCHANAT,2021,-2810.319
CANADA,BALANCE,NATGASCM,STCHANAT,3Q2022,7300.489
CANADA,BALANCE,NATGASCM,STCHANAT,Nov-21,-946.493
CANADA,BALANCE,NATGASCM,STCHANAT,Nov-22,-762.37
CANADA,BALANCE,NATGASCM,STCHANAT,YTD2021,-325.313
CANADA,BALANCE,NATGASCM,STCHANAT,YTD2022,2062.805
CANADA,BALANCE,NATGASCM,TOTENTSB,2020,23641.962
CANADA,BALANCE,NATGASCM,TOTENTSB,2021,24207.29
CANADA,BALANCE,NATGASCM,TOTENTSB,3Q2022,5401.737
CANADA,BALANCE,NATGASCM,TOTENTSB,Nov-21,2061.555
CANADA,BALANCE,NATGASCM,TOTENTSB,Nov-22,2596.23
CANADA,BALANCE,NATGASCM,TOTENTSB,YTD2021,21326.85
CANADA,BALANCE,NATGASCM,TOTENTSB,YTD2022,21794.394
CANADA,BALANCE,NATGASCM,TOTEXTSB,2020,70930.912
CANADA,BALANCE,NATGASCM,TOTEXTSB,2021,79560.218
CANADA,BALANCE,NATGASCM,TOTEXTSB,3Q2022,20400.243
CANADA,BALANCE,NATGASCM,TOTEXTSB,Nov-21,7069.708
CANADA,BALANCE,NATGASCM,TOTEXTSB,Nov-22,6963.858
CANADA,BALANCE,NATGASCM,TOTEXTSB,YTD2021,72478.841
CANADA,BALANCE,NATGASCM,TOTEXTSB,YTD2022,77835.14
CHILE,BALANCE,NATGASCM,GDINCTRO,2020,6233
CHILE,BALANCE,NATGASCM,GDINCTRO,2021,6270
CHILE,BALANCE,NATGASCM,GDINCTRO,3Q2022,1689
CHILE,BALANCE,NATGASCM,GDINCTRO,Nov-21,489
CHILE,BALANCE,NATGASCM,GDINCTRO,Nov-22,511
CHILE,BALANCE,NATGASCM,GDINCTRO,YTD2021,5733
CHILE,BALANCE,NATGASCM,GDINCTRO,YTD2022,6292
CHILE,BALANCE,NATGASCM,INDPROD,2020,1402
CHILE,BALANCE,NATGASCM,INDPROD,2021,1275
CHILE,BALANCE,NATGASCM,INDPROD,3Q2022,381
CHILE,BALANCE,NATGASCM,INDPROD,Nov-21,104
CHILE,BALANCE,NATGASCM,INDPROD,Nov-22,117
CHILE,BALANCE,NATGASCM,INDPROD,YTD2021,1170
CHILE,BALANCE,NATGASCM,INDPROD,YTD2022,1275
CHILE,BALANCE,NATGASCM,STCHANAT,2020,-36
CHILE,BALANCE,NATGASCM,STCHANAT,2021,15
CHILE,BALANCE,NATGASCM,STCHANAT,3Q2022,24
CHILE,BALANCE,NATGASCM,STCHANAT,Nov-21,17
CHILE,BALANCE,NATGASCM,STCHANAT,Nov-22,-11
CHILE,BALANCE,NATGASCM,STCHANAT,YTD2021,63
CHILE,BALANCE,NATGASCM,STCHANAT,YTD2022,76
CHILE,BALANCE,NATGASCM,TOTENTSB,2020,4865
CHILE,BALANCE,NATGASCM,TOTENTSB,2021,4488.5
CHILE,BALANCE,NATGASCM,TOTENTSB,3Q2022,1514.4
CHILE,BALANCE,NATGASCM,TOTENTSB,Nov-21,323.8
CHILE,BALANCE,NATGASCM,TOTENTSB,Nov-22,398
CHILE,BALANCE,NATGASCM,TOTENTSB,YTD2021,4168.8
CHILE,BALANCE,NATGASCM,TOTENTSB,YTD2022,4946.3
CZECH,BALANCE,NATGASCM,GDINCTRO,2020,8821.022
CZECH,BALANCE,NATGASCM,GDINCTRO,2021,9458.997
CZECH,BALANCE,NATGASCM,GDINCTRO,3Q2022,1008.271
CZECH,BALANCE,NATGASCM,GDINCTRO,Nov-21,987.937
CZECH,BALANCE,NATGASCM,GDINCTRO,Nov-22,761.356
CZECH,BALANCE,NATGASCM,GDINCTRO,YTD2021,8330.081
CZECH,BALANCE,NATGASCM,GDINCTRO,YTD2022,6635.636
CZECH,BALANCE,NATGASCM,INDPROD,2020,196.075
CZECH,BALANCE,NATGASCM,INDPROD,2021,203.801
CZECH,BALANCE,NATGASCM,INDPROD,3Q2022,56.434
CZECH,BALANCE,NATGASCM,INDPROD,Nov-21,17.972
CZECH,BALANCE,NATGASCM,INDPROD,Nov-22,19.09
CZECH,BALANCE,NATGASCM,INDPROD,YTD2021,184.41
CZECH,BALANCE,NATGASCM,INDPROD,YTD2022,203.84
CZECH,BALANCE,NATGASCM,STCHANAT,2020,-1036.832
CZECH,BALANCE,NATGASCM,STCHANAT,2021,-536.3
CZECH,BALANCE,NATGASCM,STCHANAT,3Q2022,695.281
CZECH,BALANCE,NATGASCM,STCHANAT,Nov-21,-410.969
CZECH,BALANCE,NATGASCM,STCHANAT,Nov-22,5.777
CZECH,BALANCE,NATGASCM,STCHANAT,YTD2021,160.582
CZECH,BALANCE,NATGASCM,STCHANAT,YTD2022,1625.993
CZECH,BALANCE,NATGASCM,TOTENTSB,2020,43481.571
CZECH,BALANCE,NATGASCM,TOTENTSB,2021,45652.259
CZECH,BALANCE,NATGASCM,TOTENTSB,3Q2022,3801.173
CZECH,BALANCE,NATGASCM,TOTENTSB,Nov-21,3163.26
CZECH,BALANCE,NATGASCM,TOTENTSB,Nov-22,1046.531
CZECH,BALANCE,NATGASCM,TOTENTSB,YTD2021,42634.164
CZECH,BALANCE,NATGASCM,TOTENTSB,YTD2022,26469.371
CZECH,BALANCE,NATGASCM,TOTEXTSB,2020,35893.456
CZECH,BALANCE,NATGASCM,TOTEXTSB,2021,36933.363
CZECH,BALANCE,NATGASCM,TOTEXTSB,3Q2022,2154.055
CZECH,BALANCE,NATGASCM,TOTEXTSB,Nov-21,2604.264
CZECH,BALANCE,NATGASCM,TOTEXTSB,Nov-22,298.488
CZECH,BALANCE,NATGASCM,TOTEXTSB,YTD2021,34327.911
CZECH,BALANCE,NATGASCM,TOTEXTSB,YTD2022,18411.582
DENMARK,BALANCE,NATGASCM,GDINCTRO,2020,2817.43
DENMARK,BALANCE,NATGASCM,GDINCTRO,2021,2957.98
DENMARK,BALANCE,NATGASCM,GDINCTRO,3Q2022,399.917
DENMARK,BALANCE,NATGASCM,GDINCTRO,Nov-21,260.778
DENMARK,BALANCE,NATGASCM,GDINCTRO,Nov-22,199.537
DENMARK,BALANCE,NATGASCM,GDINCTRO,YTD2021,2620.259
DENMARK,BALANCE,NATGASCM,GDINCTRO,YTD2022,2120.477
DENMARK,BALANCE,NATGASCM,INDPROD,2020,1840.411
DENMARK,BALANCE,NATGASCM,INDPROD,2021,1862.545
DENMARK,BALANCE,NATGASCM,INDPROD,3Q2022,529.265
DENMARK,BALANCE,NATGASCM,INDPROD,Nov-21,160.311
DENMARK,BALANCE,NATGASCM,INDPROD,Nov-22,193.334
DENMARK,BALANCE,NATGASCM,INDPROD,YTD2021,1696.456
DENMARK,BALANCE,NATGASCM,INDPROD,YTD2022,1969.415
DENMARK,BALANCE,NATGASCM,STCHANAT,2020,-27.634
DENMARK,BALANCE,NATGASCM,STCHANAT,2021,-298.242
DENMARK,BALANCE,NATGASCM,STCHANAT,3Q2022,153.792
DENMARK,BALANCE,NATGASCM,STCHANAT,Nov-21,-48.094
DENMARK,BALANCE,NATGASCM,STCHANAT,Nov-22,50.409
DENMARK,BALANCE,NATGASCM,STCHANAT,YTD2021,-259.185
DENMARK,BALANCE,NATGASCM,STCHANAT,YTD2022,315.148
DENMARK,BALANCE,NATGASCM,TOTENTSB,2020,2663.09
DENMARK,BALANCE,NATGASCM,TOTENTSB,2021,2499.038
DENMARK,BALANCE,NATGASCM,TOTENTSB,3Q2022,341.165
DENMARK,BALANCE,NATGASCM,TOTENTSB,Nov-21,194.046
DENMARK,BALANCE,NATGASCM,TOTENTSB,Nov-22,371.669
DENMARK,BALANCE,NATGASCM,TOTENTSB,YTD2021,2182.148
DENMARK,BALANCE,NATGASCM,TOTENTSB,YTD2022,2236.606
DENMARK,BALANCE,NATGASCM,TOTEXTSB,2020,1714.163
DENMARK,BALANCE,NATGASCM,TOTEXTSB,2021,1702.182
DENMARK,BALANCE,NATGASCM,TOTEXTSB,3Q2022,343.53
DENMARK,BALANCE,NATGASCM,TOTEXTSB,Nov-21,140.848
DENMARK,BALANCE,NATGASCM,TOTEXTSB,Nov-22,313.331
DENMARK,BALANCE,NATGASCM,TOTEXTSB,YTD2021,1519.428
DENMARK,BALANCE,NATGASCM,TOTEXTSB,YTD2022,1791.868
ESTONIA,BALANCE,NATGASCM,GDINCTRO,2020,421
ESTONIA,BALANCE,NATGASCM,GDINCTRO,2021,477.4
ESTONIA,BALANCE,NATGASCM,GDINCTRO,3Q2022,39.5
ESTONIA,BALANCE,NATGASCM,GDINCTRO,Nov-21,43.5
ESTONIA,BALANCE,NATGASCM,GDINCTRO,Nov-22,29.8
ESTONIA,BALANCE,NATGASCM,GDINCTRO,YTD2021,405
ESTONIA,BALANCE,NATGASCM,GDINCTRO,YTD2022,310.6
ESTONIA,BALANCE,NATGASCM,TOTENTSB,2020,421
ESTONIA,BALANCE,NATGASCM,TOTENTSB,2021,477.4
ESTONIA,BALANCE,NATGASCM,TOTENTSB,3Q2022,39.5
ESTONIA,BALANCE,NATGASCM,TOTENTSB,Nov-21,43.5
ESTONIA,BALANCE,NATGASCM,TOTENTSB,Nov-22,29.8
ESTONIA,BALANCE,NATGASCM,TOTENTSB,YTD2021,405
ESTONIA,BALANCE,NATGASCM,TOTENTSB,YTD2022,310.6
FINLAND,BALANCE,NATGASCM,GDINCTRO,2020,2430.5
FINLAND,BALANCE,NATGASCM,GDINCTRO,2021,2419.765
FINLAND,BALANCE,NATGASCM,GDINCTRO,3Q2022,259.529
FINLAND,BALANCE,NATGASCM,GDINCTRO,Nov-21,110.895
FINLAND,BALANCE,NATGASCM,GDINCTRO,Nov-22,78.895
FINLAND,BALANCE,NATGASCM,GDINCTRO,YTD2021,2164.87
FINLAND,BALANCE,NATGASCM,GDINCTRO,YTD2022,1191.306
FINLAND,BALANCE,NATGASCM,INDPROD,2020,12
FINLAND,BALANCE,NATGASCM,INDPROD,2021,12
FINLAND,BALANCE,NATGASCM,INDPROD,3Q2022,3
FINLAND,BALANCE,NATGASCM,INDPROD,Nov-21,1
FINLAND,BALANCE,NATGASCM,INDPROD,Nov-22,1
FINLAND,BALANCE,NATGASCM,INDPROD,YTD2021,11
FINLAND,BALANCE,NATGASCM,INDPROD,YTD2022,11
FINLAND,BALANCE,NATGASCM,STCHANAT,2020,7
FINLAND,BALANCE,NATGASCM,STCHANAT,2021,-10
FINLAND,BALANCE,NATGASCM,STCHANAT,3Q2022,4
FINLAND,BALANCE,NATGASCM,STCHANAT,Nov-22,0
FINLAND,BALANCE,NATGASCM,STCHANAT,YTD2021,-15
FINLAND,BALANCE,NATGASCM,STCHANAT,YTD2022,9
FINLAND,BALANCE,NATGASCM,TOTENTSB,2020,2627
FINLAND,BALANCE,NATGASCM,TOTENTSB,2021,2630
FINLAND,BALANCE,NATGASCM,TOTENTSB,3Q2022,265
FINLAND,BALANCE,NATGASCM,TOTENTSB,Nov-21,146
FINLAND,BALANCE,NATGASCM,TOTENTSB,Nov-22,77
FINLAND,BALANCE,NATGASCM,TOTENTSB,YTD2021,2348
FINLAND,BALANCE,NATGASCM,TOTENTSB,YTD2022,1297.44
FINLAND,BALANCE,NATGASCM,TOTEXTSB,2020,182
FINLAND,BALANCE,NATGASCM,TOTEXTSB,2021,244
FINLAND,BALANCE,NATGASCM,TOTEXTSB,3Q2022,3.156
FINLAND,BALANCE,NATGASCM,TOTEXTSB,Nov-21,36
FINLAND,BALANCE,NATGASCM,TOTEXTSB,YTD2021,221
FINLAND,BALANCE,NATGASCM,TOTEXTSB,YTD2022,106.979
FRANCE,BALANCE,NATGASCM,GDINCTRO,2020,38562.778
FRANCE,BALANCE,NATGASCM,GDINCTRO,2021,40866.655
FRANCE,BALANCE,NATGASCM,GDINCTRO,3Q2022,5099.954
FRANCE,BALANCE,NATGASCM,GDINCTRO,Nov-21,4908.4
FRANCE,BALANCE,NATGASCM,GDINCTRO,Nov-22,3538.257
FRANCE,BALANCE,NATGASCM,GDINCTRO,YTD2021,35477.924
FRANCE,BALANCE,NATGASCM,GDINCTRO,YTD2022,32019.856
FRANCE,BALANCE,NATGASCM,INDPROD,2020,207.707
FRANCE,BALANCE,NATGASCM,INDPROD,2021,396.261
FRANCE,BALANCE,NATGASCM,INDPROD,3Q2022,157.533
FRANCE,BALANCE,NATGASCM,INDPROD,Nov-21,41.122
FRANCE,BALANCE,NATGASCM,INDPROD,Nov-22,57.372
FRANCE,BALANCE,NATGASCM,INDPROD,YTD2021,351.554
FRANCE,BALANCE,NATGASCM,INDPROD,YTD2022,557.951
FRANCE,BALANCE,NATGASCM,STCHANAT,2020,-2025.842
FRANCE,BALANCE,NATGASCM,STCHANAT,2021,-1553.438
FRANCE,BALANCE,NATGASCM,STCHANAT,3Q2022,4001.24
FRANCE,BALANCE,NATGASCM,STCHANAT,Nov-21,-2059.178
FRANCE,BALANCE,NATGASCM,STCHANAT,Nov-22,-269.706
FRANCE,BALANCE,NATGASCM,STCHANAT,YTD2021,462.386
FRANCE,BALANCE,NATGASCM,STCHANAT,YTD2022,4718.321
FRANCE,BALANCE,NATGASCM,TOTENTSB,2020,46139.555
FRANCE,BALANCE,NATGASCM,TOTENTSB,2021,45409.757
FRANCE,BALANCE,NATGASCM,TOTENTSB,3Q2022,13239.871
FRANCE,BALANCE,NATGASCM,TOTENTSB,Nov-21,3499.302
FRANCE,BALANCE,NATGASCM,TOTENTSB,Nov-22,4834.894
FRANCE,BALANCE,NATGASCM,TOTENTSB,YTD2021,41085.019
FRANCE,BALANCE,NATGASCM,TOTENTSB,YTD2022,50357.254
FRANCE,BALANCE,NATGASCM,TOTEXTSB,2020,9101.767
FRANCE,BALANCE,NATGASCM,TOTEXTSB,2021,5788.097
FRANCE,BALANCE,NATGASCM,TOTEXTSB,3Q2022,4066.064
FRANCE,BALANCE,NATGASCM,TOTEXTSB,Nov-21,644.315
FRANCE,BALANCE,NATGASCM,TOTEXTSB,Nov-22,1736.701
FRANCE,BALANCE,NATGASCM,TOTEXTSB,YTD2021,4920.491
FRANCE,BALANCE,NATGASCM,TOTEXTSB,YTD2022,13757.924
GERMANY,BALANCE,NATGASCM,GDINCTRO,2020,89289.949
GERMANY,BALANCE,NATGASCM,GDINCTRO,2021,93626.68
GERMANY,BALANCE,NATGASCM,GDINCTRO,3Q2022,10958.038
GERMANY,BALANCE,NATGASCM,GDINCTRO,Nov-21,10146.488
GERMANY,BALANCE,NATGASCM,GDINCTRO,Nov-22,7098.69
GERMANY,BALANCE,NATGASCM,GDINCTRO,YTD2021,82013.803
GERMANY,BALANCE,NATGASCM,GDINCTRO,YTD2022,69314.632
GERMANY,BALANCE,NATGASCM,INDPROD,2020,4874
GERMANY,BALANCE,NATGASCM,INDPROD,2021,4806
GERMANY,BALANCE,NATGASCM,INDPROD,3Q2022,1094
GERMANY,BALANCE,NATGASCM,INDPROD,Nov-21,409
GERMANY,BALANCE,NATGASCM,INDPROD,Nov-22,365
GERMANY,BALANCE,NATGASCM,INDPROD,YTD2021,4383
GERMANY,BALANCE,NATGASCM,INDPROD,YTD2022,4192
GERMANY,BALANCE,NATGASCM,STCHANAT,2020,-5174
GERMANY,BALANCE,NATGASCM,STCHANAT,2021,-5667
GERMANY,BALANCE,NATGASCM,STCHANAT,3Q2022,8030
GERMANY,BALANCE,NATGASCM,STCHANAT,Nov-21,-2031
GERMANY,BALANCE,NATGASCM,STCHANAT,Nov-22,-107
GERMANY,BALANCE,NATGASCM,STCHANAT,YTD2021,-2883
GERMANY,BALANCE,NATGASCM,STCHANAT,YTD2022,11279
GERMANY,BALANCE,NATGASCM,TOTENTSB,2020,155492.654
GERMANY,BALANCE,NATGASCM,TOTENTSB,2021,154452.948
GERMANY,BALANCE,NATGASCM,TOTENTSB,3Q2022,27353.917
GERMANY,BALANCE,NATGASCM,TOTENTSB,Nov-21,12821.291
GERMANY,BALANCE,NATGASCM,TOTENTSB,Nov-22,8974.711
GERMANY,BALANCE,NATGASCM,TOTENTSB,YTD2021,140870.698
GERMANY,BALANCE,NATGASCM,TOTENTSB,YTD2022,124530.667
GERMANY,BALANCE,NATGASCM,TOTEXTSB,2020,76250.705
GERMANY,BALANCE,NATGASCM,TOTEXTSB,2021,71299.268
GERMANY,BALANCE,NATGASCM,TOTEXTSB,3Q2022,9459.879
GERMANY,BALANCE,NATGASCM,TOTEXTSB,Nov-21,5114.803
GERMANY,BALANCE,NATGASCM,TOTEXTSB,Nov-22,2348.021
GERMANY,BALANCE,NATGASCM,TOTEXTSB,YTD2021,66122.895
GERMANY,BALANCE,NATGASCM,TOTEXTSB,YTD2022,48129.035
GREECE,BALANCE,NATGASCM,GDINCTRO,2020,5830.89
GREECE,BALANCE,NATGASCM,GDINCTRO,2021,6435.822
GREECE,BALANCE,NATGASCM,GDINCTRO,3Q2022,1339.037
GREECE,BALANCE,NATGASCM,GDINCTRO,Nov-21,512.628
GREECE,BALANCE,NATGASCM,GDINCTRO,Nov-22,355.717
GREECE,BALANCE,NATGASCM,GDINCTRO,YTD2021,5833.555
GREECE,BALANCE,NATGASCM,GDINCTRO,YTD2022,4708.806
GREECE,BALANCE,NATGASCM,INDPROD,2020,6.48
GREECE,BALANCE,NATGASCM,INDPROD,2021,4.019
GREECE,BALANCE,NATGASCM,INDPROD,YTD2021,4.019
GREECE,BALANCE,NATGASCM,STCHANAT,2020,42.439
GREECE,BALANCE,NATGASCM,STCHANAT,2021,-31.599
GREECE,BALANCE,NATGASCM,STCHANAT,3Q2022,60.247
GREECE,BALANCE,NATGASCM,STCHANAT,Nov-21,-31.793
GREECE,BALANCE,NATGASCM,STCHANAT,Nov-22,14.741
GREECE,BALANCE,NATGASCM,STCHANAT,YTD2021,-34.687
GREECE,BALANCE,NATGASCM,STCHANAT,YTD2022,-7.919
GREECE,BALANCE,NATGASCM,TOTENTSB,2020,5902.732
GREECE,BALANCE,NATGASCM,TOTENTSB,2021,13337.416
GREECE,BALANCE,NATGASCM,TOTENTSB,3Q2022,4079.272
GREECE,BALANCE,NATGASCM,TOTENTSB,Nov-21,1231.791
GREECE,BALANCE,NATGASCM,TOTENTSB,Nov-22,1367.565
GREECE,BALANCE,NATGASCM,TOTENTSB,YTD2021,11973.045
GREECE,BALANCE,NATGASCM,TOTENTSB,YTD2022,14376.264
GREECE,BALANCE,NATGASCM,TOTEXTSB,2020,33.24
GREECE,BALANCE,NATGASCM,TOTEXTSB,2021,6878.297
GREECE,BALANCE,NATGASCM,TOTEXTSB,3Q2022,2673.693
GREECE,BALANCE,NATGASCM,TOTEXTSB,Nov-21,744.186
GREECE,BALANCE,NATGASCM,TOTEXTSB,Nov-22,995.823
GREECE,BALANCE,NATGASCM,TOTEXTSB,YTD2021,6126.136
GREECE,BALANCE,NATGASCM,TOTEXTSB,YTD2022,9627.437
HUNGARY,BALANCE,NATGASCM,GDINCTRO,2020,10598.862
HUNGARY,BALANCE,NATGASCM,GDINCTRO,2021,11233.062
HUNGARY,BALANCE,NATGASCM,GDINCTRO,3Q2022,1172.154
HUNGARY,BALANCE,NATGASCM,GDINCTRO,Nov-21,1252.49
HUNGARY,BALANCE,NATGASCM,GDINCTRO,Nov-22,914.681
HUNGARY,BALANCE,NATGASCM,GDINCTRO,YTD2021,9681.135
HUNGARY,BALANCE,NATGASCM,GDINCTRO,YTD2022,8355.623
HUNGARY,BALANCE,NATGASCM,INDPROD,2020,1690.808
HUNGARY,BALANCE,NATGASCM,INDPROD,2021,1506.265
HUNGARY,BALANCE,NATGASCM,INDPROD,3Q2022,387.854
HUNGARY,BALANCE,NATGASCM,INDPROD,Nov-21,127.79
HUNGARY,BALANCE,NATGASCM,INDPROD,Nov-22,127.281
HUNGARY,BALANCE,NATGASCM,INDPROD,YTD2021,1385.738
HUNGARY,BALANCE,NATGASCM,INDPROD,YTD2022,1381.751
HUNGARY,BALANCE,NATGASCM,STCHANAT,2020,-981
HUNGARY,BALANCE,NATGASCM,STCHANAT,2021,-2248.8
HUNGARY,BALANCE,NATGASCM,STCHANAT,3Q2022,2114.2
HUNGARY,BALANCE,NATGASCM,STCHANAT,Nov-21,-716.8
HUNGARY,BALANCE,NATGASCM,STCHANAT,Nov-22,-230.1
HUNGARY,BALANCE,NATGASCM,STCHANAT,YTD2021,-1195.6
HUNGARY,BALANCE,NATGASCM,STCHANAT,YTD2022,2038.9
HUNGARY,BALANCE,NATGASCM,TOTENTSB,2020,13718
HUNGARY,BALANCE,NATGASCM,TOTENTSB,2021,8447.9
HUNGARY,BALANCE,NATGASCM,TOTENTSB,3Q2022,3056
HUNGARY,BALANCE,NATGASCM,TOTENTSB,Nov-21,435.4
HUNGARY,BALANCE,NATGASCM,TOTENTSB,Nov-22,687.6
HUNGARY,BALANCE,NATGASCM,TOTENTSB,YTD2021,7965.6
HUNGARY,BALANCE,NATGASCM,TOTENTSB,YTD2022,10291.2
HUNGARY,BALANCE,NATGASCM,TOTEXTSB,2020,5790
HUNGARY,BALANCE,NATGASCM,TOTEXTSB,2021,969.903
HUNGARY,BALANCE,NATGASCM,TOTEXTSB,3Q2022,57.5
HUNGARY,BALANCE,NATGASCM,TOTEXTSB,Nov-21,27.5
HUNGARY,BALANCE,NATGASCM,TOTEXTSB,Nov-22,130.3
HUNGARY,BALANCE,NATGASCM,TOTEXTSB,YTD2021,865.803
HUNGARY,BALANCE,NATGASCM,TOTEXTSB,YTD2022,1266.8
IRELAND,BALANCE,NATGASCM,GDINCTRO,2020,5469.651
IRELAND,BALANCE,NATGASCM,GDINCTRO,2021,5214.865
IRELAND,BALANCE,NATGASCM,GDINCTRO,3Q2022,1284.737
IRELAND,BALANCE,NATGASCM,GDINCTRO,Nov-21,460.122
IRELAND,BALANCE,NATGASCM,GDINCTRO,Nov-22,415.088
IRELAND,BALANCE,NATGASCM,GDINCTRO,YTD2021,4746.954
IRELAND,BALANCE,NATGASCM,GDINCTRO,YTD2022,4768.559
IRELAND,BALANCE,NATGASCM,INDPROD,2020,2029.651
IRELAND,BALANCE,NATGASCM,INDPROD,2021,1550.865
IRELAND,BALANCE,NATGASCM,INDPROD,3Q2022,340.737
IRELAND,BALANCE,NATGASCM,INDPROD,Nov-21,135.122
IRELAND,BALANCE,NATGASCM,INDPROD,Nov-22,113.088
IRELAND,BALANCE,NATGASCM,INDPROD,YTD2021,1413.954
IRELAND,BALANCE,NATGASCM,INDPROD,YTD2022,1321.559
IRELAND,BALANCE,NATGASCM,TOTENTSB,2020,3439
IRELAND,BALANCE,NATGASCM,TOTENTSB,2021,3664
IRELAND,BALANCE,NATGASCM,TOTENTSB,3Q2022,944
IRELAND,BALANCE,NATGASCM,TOTENTSB,Nov-21,325
IRELAND,BALANCE,NATGASCM,TOTENTSB,Nov-22,302
IRELAND,BALANCE,NATGASCM,TOTENTSB,YTD2021,3333
IRELAND,BALANCE,NATGASCM,TOTENTSB,YTD2022,3447
ISRAEL,BALANCE,NATGASCM,GDINCTRO,2020,10020
ISRAEL,BALANCE,NATGASCM,GDINCTRO,2021,10440
ISRAEL,BALANCE,NATGASCM,GDINCTRO,3Q2022,2610
ISRAEL,BALANCE,NATGASCM,GDINCTRO,Nov-21,870
ISRAEL,BALANCE,NATGASCM,GDINCTRO,Nov-22,870
ISRAEL,BALANCE,NATGASCM,GDINCTRO,YTD2021,9570
ISRAEL,BALANCE,NATGASCM,GDINCTRO,YTD2022,9570
ISRAEL,BALANCE,NATGASCM,INDPROD,2020,13044
ISRAEL,BALANCE,NATGASCM,INDPROD,2021,16332
ISRAEL,BALANCE,NATGASCM,INDPROD,3Q2022,4083
ISRAEL,BALANCE,NATGASCM,INDPROD,Nov-21,1361
ISRAEL,BALANCE,NATGASCM,INDPROD,Nov-22,1361
ISRAEL,BALANCE,NATGASCM,INDPROD,YTD2021,14971
ISRAEL,BALANCE,NATGASCM,INDPROD,YTD2022,14971
ISRAEL,BALANCE,NATGASCM,TOTENTSB,2020,564
ISRAEL,BALANCE,NATGASCM,TOTENTSB,2021,144
ISRAEL,BALANCE,NATGASCM,TOTENTSB,3Q2022,36
ISRAEL,BALANCE,NATGASCM,TOTENTSB,Nov-21,12
ISRAEL,BALANCE,NATGASCM,TOTENTSB,Nov-22,12
ISRAEL,BALANCE,NATGASCM,TOTENTSB,YTD2021,132
ISRAEL,BALANCE,NATGASCM,TOTENTSB,YTD2022,132
ISRAEL,BALANCE,NATGASCM,TOTEXTSB,2020,3588
ISRAEL,BALANCE,NATGASCM,TOTEXTSB,2021,6036
ISRAEL,BALANCE,NATGASCM,TOTEXTSB,3Q2022,1509
ISRAEL,BALANCE,NATGASCM,TOTEXTSB,Nov-21,503
ISRAEL,BALANCE,NATGASCM,TOTEXTSB,Nov-22,503
ISRAEL,BALANCE,NATGASCM,TOTEXTSB,YTD2021,5533
ISRAEL,BALANCE,NATGASCM,TOTEXTSB,YTD2022,5533
ITALY,BALANCE,NATGASCM,GDINCTRO,2020,70920.4
ITALY,BALANCE,NATGASCM,GDINCTRO,2021,76107.5
ITALY,BALANCE,NATGASCM,GDINCTRO,3Q2022,12287
ITALY,BALANCE,NATGASCM,GDINCTRO,Nov-21,7633
ITALY,BALANCE,NATGASCM,GDINCTRO,Nov-22,5578
ITALY,BALANCE,NATGASCM,GDINCTRO,YTD2021,66396.5
ITALY,BALANCE,NATGASCM,GDINCTRO,YTD2022,61174
ITALY,BALANCE,NATGASCM,INDPROD,2020,3932
ITALY,BALANCE,NATGASCM,INDPROD,2021,3334.5
ITALY,BALANCE,NATGASCM,INDPROD,3Q2022,840
ITALY,BALANCE,NATGASCM,INDPROD,Nov-21,283
ITALY,BALANCE,NATGASCM,INDPROD,Nov-22,284
ITALY,BALANCE,NATGASCM,INDPROD,YTD2021,3045.5
ITALY,BALANCE,NATGASCM,INDPROD,YTD2022,3048
ITALY,BALANCE,NATGASCM,STCHANAT,2020,-1077
ITALY,BALANCE,NATGASCM,STCHANAT,2021,-1590
ITALY,BALANCE,NATGASCM,STCHANAT,3Q2022,5764
ITALY,BALANCE,NATGASCM,STCHANAT,Nov-21,-1622
ITALY,BALANCE,NATGASCM,STCHANAT,Nov-22,-746
ITALY,BALANCE,NATGASCM,STCHANAT,YTD2021,955
ITALY,BALANCE,NATGASCM,STCHANAT,YTD2022,4263
ITALY,BALANCE,NATGASCM,TOTENTSB,2020,66227
ITALY,BALANCE,NATGASCM,TOTENTSB,2021,72728
ITALY,BALANCE,NATGASCM,TOTENTSB,3Q2022,18122
ITALY,BALANCE,NATGASCM,TOTENTSB,Nov-21,5927
ITALY,BALANCE,NATGASCM,TOTENTSB,Nov-22,5190
ITALY,BALANCE,NATGASCM,TOTENTSB,YTD2021,65602
ITALY,BALANCE,NATGASCM,TOTENTSB,YTD2022,66446
ITALY,BALANCE,NATGASCM,TOTEXTSB,2020,315.6
ITALY,BALANCE,NATGASCM,TOTEXTSB,2021,1545
ITALY,BALANCE,NATGASCM,TOTEXTSB,3Q2022,911
ITALY,BALANCE,NATGASCM,TOTEXTSB,Nov-21,199
ITALY,BALANCE,NATGASCM,TOTEXTSB,Nov-22,642
ITALY,BALANCE,NATGASCM,TOTEXTSB,YTD2021,1296
ITALY,BALANCE,NATGASCM,TOTEXTSB,YTD2022,4057
JAPAN,BALANCE,NATGASCM,GDINCTRO,2020,112086.519
JAPAN,BALANCE,NATGASCM,GDINCTRO,2021,97542.785
JAPAN,BALANCE,NATGASCM,GDINCTRO,3Q2022,22708.808
JAPAN,BALANCE,NATGASCM,GDINCTRO,Nov-21,7803.133
JAPAN,BALANCE,NATGASCM,GDINCTRO,Nov-22,7393.481
JAPAN,BALANCE,NATGASCM,GDINCTRO,YTD2021,88071.276
JAPAN,BALANCE,NATGASCM,GDINCTRO,YTD2022,87108.35
JAPAN,BALANCE,NATGASCM,INDPROD,2020,3586.606
JAPAN,BALANCE,NATGASCM,INDPROD,2021,3933.401
JAPAN,BALANCE,NATGASCM,INDPROD,3Q2022,975.704
JAPAN,BALANCE,NATGASCM,INDPROD,Nov-21,315.919
JAPAN,BALANCE,NATGASCM,INDPROD,Nov-22,340.441
JAPAN,BALANCE,NATGASCM,INDPROD,YTD2021,3537.75
JAPAN,BALANCE,NATGASCM,INDPROD,YTD2022,3820.363
JAPAN,BALANCE,NATGASCM,STCHANAT,2020,581.063
JAPAN,BALANCE,NATGASCM,STCHANAT,2021,2230.727
JAPAN,BALANCE,NATGASCM,STCHANAT,3Q2022,588.647
JAPAN,BALANCE,NATGASCM,STCHANAT,Nov-21,164.737
JAPAN,BALANCE,NATGASCM,STCHANAT,Nov-22,322.027
JAPAN,BALANCE,NATGASCM,STCHANAT,YTD2021,2398.509
JAPAN,BALANCE,NATGASCM,STCHANAT,YTD2022,1367.632
JAPAN,BALANCE,NATGASCM,TOTENTSB,2020,107287.568
JAPAN,BALANCE,NATGASCM,TOTENTSB,2021,98780.419
JAPAN,BALANCE,NATGASCM,TOTENTSB,3Q2022,23609.887
JAPAN,BALANCE,NATGASCM,TOTENTSB,Nov-21,7794.208
JAPAN,BALANCE,NATGASCM,TOTENTSB,Nov-22,7375.067
JAPAN,BALANCE,NATGASCM,TOTENTSB,YTD2021,89428.465
JAPAN,BALANCE,NATGASCM,TOTENTSB,YTD2022,87641.283
KOREA,BALANCE,NATGASCM,GDINCTRO,2020,51751
KOREA,BALANCE,NATGASCM,GDINCTRO,2021,57013
KOREA,BALANCE,NATGASCM,GDINCTRO,3Q2022,10937
KOREA,BALANCE,NATGASCM,GDINCTRO,Nov-21,4869
KOREA,BALANCE,NATGASCM,GDINCTRO,Nov-22,4363
KOREA,BALANCE,NATGASCM,GDINCTRO,YTD2021,50769
KOREA,BALANCE,NATGASCM,GDINCTRO,YTD2022,49417
KOREA,BALANCE,NATGASCM,INDPROD,2020,184
KOREA,BALANCE,NATGASCM,INDPROD,2021,56
KOREA,BALANCE,NATGASCM,INDPROD,Nov-21,3
KOREA,BALANCE,NATGASCM,INDPROD,YTD2021,54
KOREA,BALANCE,NATGASCM,STCHANAT,2020,-1387
KOREA,BALANCE,NATGASCM,STCHANAT,2021,412
KOREA,BALANCE,NATGASCM,STCHANAT,3Q2022,2767
KOREA,BALANCE,NATGASCM,STCHANAT,Nov-21,-386
KOREA,BALANCE,NATGASCM,STCHANAT,Nov-22,467
KOREA,BALANCE,NATGASCM,STCHANAT,YTD2021,1646
KOREA,BALANCE,NATGASCM,STCHANAT,YTD2022,3088
KOREA,BALANCE,NATGASCM,TOTENTSB,2020,53559
KOREA,BALANCE,NATGASCM,TOTENTSB,2021,60951
KOREA,BALANCE,NATGASCM,TOTENTSB,3Q2022,14306
KOREA,BALANCE,NATGASCM,TOTENTSB,Nov-21,4657
KOREA,BALANCE,NATGASCM,TOTENTSB,Nov-22,5174
KOREA,BALANCE,NATGASCM,TOTENTSB,YTD2021,55360
KOREA,BALANCE,NATGASCM,TOTENTSB,YTD2022,55061
LATVIA,BALANCE,NATGASCM,GDINCTRO,2020,1089.843
LATVIA,BALANCE,NATGASCM,GDINCTRO,2021,1187.344
LATVIA,BALANCE,NATGASCM,GDINCTRO,3Q2022,97.132
LATVIA,BALANCE,NATGASCM,GDINCTRO,Nov-21,110.108
LATVIA,BALANCE,NATGASCM,GDINCTRO,Nov-22,101.631
LATVIA,BALANCE,NATGASCM,GDINCTRO,YTD2021,1006.403
LATVIA,BALANCE,NATGASCM,GDINCTRO,YTD2022,674.379
LATVIA,BALANCE,NATGASCM,STCHANAT,2020,187.288
LATVIA,BALANCE,NATGASCM,STCHANAT,2021,-479.888
LATVIA,BALANCE,NATGASCM,STCHANAT,3Q2022,254.75
LATVIA,BALANCE,NATGASCM,STCHANAT,Nov-21,-238.2
LATVIA,BALANCE,NATGASCM,STCHANAT,Nov-22,-0.036
LATVIA,BALANCE,NATGASCM,STCHANAT,YTD2021,-246.948
LATVIA,BALANCE,NATGASCM,STCHANAT,YTD2022,133.314
LATVIA,BALANCE,NATGASCM,TOTENTSB,2020,2401.792
LATVIA,BALANCE,NATGASCM,TOTENTSB,2021,2013.083
LATVIA,BALANCE,NATGASCM,TOTENTSB,3Q2022,584.145
LATVIA,BALANCE,NATGASCM,TOTENTSB,Nov-21,18.189
LATVIA,BALANCE,NATGASCM,TOTENTSB,Nov-22,190.685
LATVIA,BALANCE,NATGASCM,TOTENTSB,YTD2021,1931.931
LATVIA,BALANCE,NATGASCM,TOTENTSB,YTD2022,1868.767
LATVIA,BALANCE,NATGASCM,TOTEXTSB,2020,1112.596
LATVIA,BALANCE,NATGASCM,TOTEXTSB,2021,1288.093
LATVIA,BALANCE,NATGASCM,TOTEXTSB,3Q2022,232.157
LATVIA,BALANCE,NATGASCM,TOTEXTSB,Nov-21,143.88
LATVIA,BALANCE,NATGASCM,TOTEXTSB,Nov-22,89.126
LATVIA,BALANCE,NATGASCM,TOTEXTSB,YTD2021,1161.547
LATVIA,BALANCE,NATGASCM,TOTEXTSB,YTD2022,1051.105
LITHUANIA,BALANCE,NATGASCM,GDINCTRO,2020,2434.8
LITHUANIA,BALANCE,NATGASCM,GDINCTRO,2021,2316.5
LITHUANIA,BALANCE,NATGASCM,GDINCTRO,3Q2022,240.7
LITHUANIA,BALANCE,NATGASCM,GDINCTRO,Nov-21,159.6
LITHUANIA,BALANCE,NATGASCM,GDINCTRO,Nov-22,111.5
LITHUANIA,BALANCE,NATGASCM,GDINCTRO,YTD2021,2082.6
LITHUANIA,BALANCE,NATGASCM,GDINCTRO,YTD2022,1435.3
LITHUANIA,BALANCE,NATGASCM,STCHANAT,2020,-24.1
LITHUANIA,BALANCE,NATGASCM,STCHANAT,2021,19.2
LITHUANIA,BALANCE,NATGASCM,STCHANAT,3Q2022,-45.1
LITHUANIA,BALANCE,NATGASCM,STCHANAT,Nov-21,-50.5
LITHUANIA,BALANCE,NATGASCM,STCHANAT,Nov-22,4.4
LITHUANIA,BALANCE,NATGASCM,STCHANAT,YTD2021,-8.7
LITHUANIA,BALANCE,NATGASCM,STCHANAT,YTD2022,3.9
LITHUANIA,BALANCE,NATGASCM,TOTENTSB,2020,5372.9
LITHUANIA,BALANCE,NATGASCM,TOTENTSB,2021,5002.1
LITHUANIA,BALANCE,NATGASCM,TOTENTSB,3Q2022,1234.6
LITHUANIA,BALANCE,NATGASCM,TOTENTSB,Nov-21,390.3
LITHUANIA,BALANCE,NATGASCM,TOTENTSB,Nov-22,484.9
LITHUANIA,BALANCE,NATGASCM,TOTENTSB,YTD2021,4444.7
LITHUANIA,BALANCE,NATGASCM,TOTENTSB,YTD2022,5169.4
LITHUANIA,BALANCE,NATGASCM,TOTEXTSB,2020,2962.2
LITHUANIA,BALANCE,NATGASCM,TOTEXTSB,2021,2666.4
LITHUANIA,BALANCE,NATGASCM,TOTEXTSB,3Q2022,1039
LITHUANIA,BALANCE,NATGASCM,TOTEXTSB,Nov-21,281.2
LITHUANIA,BALANCE,NATGASCM,TOTEXTSB,Nov-22,369
LITHUANIA,BALANCE,NATGASCM,TOTEXTSB,YTD2021,2370.8
LITHUANIA,BALANCE,NATGASCM,TOTEXTSB,YTD2022,3730.2
LUXEMBOU,BALANCE,NATGASCM,GDINCTRO,2020,708.691
LUXEMBOU,BALANCE,NATGASCM,GDINCTRO,2021,761.568
LUXEMBOU,BALANCE,NATGASCM,GDINCTRO,3Q2022,76.884
LUXEMBOU,BALANCE,NATGASCM,GDINCTRO,Nov-21,80.727
LUXEMBOU,BALANCE,NATGASCM,GDINCTRO,Nov-22,52.876
LUXEMBOU,BALANCE,NATGASCM,GDINCTRO,YTD2021,678.937
LUXEMBOU,BALANCE,NATGASCM,GDINCTRO,YTD2022,523.609
LUXEMBOU,BALANCE,NATGASCM,INDPROD,2020,5.658
LUXEMBOU,BALANCE,NATGASCM,INDPROD,2021,4.819
LUXEMBOU,BALANCE,NATGASCM,INDPROD,3Q2022,1.09
LUXEMBOU,BALANCE,NATGASCM,INDPROD,Nov-21,0.336
LUXEMBOU,BALANCE,NATGASCM,INDPROD,Nov-22,0.346
LUXEMBOU,BALANCE,NATGASCM,INDPROD,YTD2021,4.45
LUXEMBOU,BALANCE,NATGASCM,INDPROD,YTD2022,3.976
LUXEMBOU,BALANCE,NATGASCM,TOTENTSB,2020,703.033
LUXEMBOU,BALANCE,NATGASCM,TOTENTSB,2021,756.75
LUXEMBOU,BALANCE,NATGASCM,TOTENTSB,3Q2022,75.794
LUXEMBOU,BALANCE,NATGASCM,TOTENTSB,Nov-21,80.391
LUXEMBOU,BALANCE,NATGASCM,TOTENTSB,Nov-22,52.53
LUXEMBOU,BALANCE,NATGASCM,TOTENTSB,YTD2021,674.488
LUXEMBOU,BALANCE,NATGASCM,TOTENTSB,YTD2022,519.632
MEXICO,BALANCE,NATGASCM,GDINCTRO,2020,45732
MEXICO,BALANCE,NATGASCM,GDINCTRO,2021,46264
MEXICO,BALANCE,NATGASCM,GDINCTRO,3Q2022,11086
MEXICO,BALANCE,NATGASCM,GDINCTRO,Nov-21,3495
MEXICO,BALANCE,NATGASCM,GDINCTRO,Nov-22,3349
MEXICO,BALANCE,NATGASCM,GDINCTRO,YTD2021,42349
MEXICO,BALANCE,NATGASCM,GDINCTRO,YTD2022,40840
MEXICO,BALANCE,NATGASCM,INDPROD,2020,36905
MEXICO,BALANCE,NATGASCM,INDPROD,2021,36928
MEXICO,BALANCE,NATGASCM,INDPROD,3Q2022,9902
MEXICO,BALANCE,NATGASCM,INDPROD,Nov-21,2811
MEXICO,BALANCE,NATGASCM,INDPROD,Nov-22,3017
MEXICO,BALANCE,NATGASCM,INDPROD,YTD2021,33637
MEXICO,BALANCE,NATGASCM,INDPROD,YTD2022,35601
MEXICO,BALANCE,NATGASCM,TOTENTSB,2020,8839
MEXICO,BALANCE,NATGASCM,TOTENTSB,2021,9348
MEXICO,BALANCE,NATGASCM,TOTENTSB,3Q2022,1187
MEXICO,BALANCE,NATGASCM,TOTENTSB,Nov-21,685
MEXICO,BALANCE,NATGASCM,TOTENTSB,Nov-22,333
MEXICO,BALANCE,NATGASCM,TOTENTSB,YTD2021,8723
MEXICO,BALANCE,NATGASCM,TOTENTSB,YTD2022,5250
MEXICO,BALANCE,NATGASCM,TOTEXTSB,2020,12
MEXICO,BALANCE,NATGASCM,TOTEXTSB,2021,12
MEXICO,BALANCE,NATGASCM,TOTEXTSB,3Q2022,3
MEXICO,BALANCE,NATGASCM,TOTEXTSB,Nov-21,1
MEXICO,BALANCE,NATGASCM,TOTEXTSB,Nov-22,1
MEXICO,BALANCE,NATGASCM,TOTEXTSB,YTD2021,11
MEXICO,BALANCE,NATGASCM,TOTEXTSB,YTD2022,11
NETHLAND,BALANCE,NATGASCM,GDINCTRO,2020,44068.36
NETHLAND,BALANCE,NATGASCM,GDINCTRO,2021,42278.984
NETHLAND,BALANCE,NATGASCM,GDINCTRO,3Q2022,5412.879
NETHLAND,BALANCE,NATGASCM,GDINCTRO,Nov-21,3859.417
NETHLAND,BALANCE,NATGASCM,GDINCTRO,Nov-22,2759.098
NETHLAND,BALANCE,NATGASCM,GDINCTRO,YTD2021,37845.507
NETHLAND,BALANCE,NATGASCM,GDINCTRO,YTD2022,28976.112
NETHLAND,BALANCE,NATGASCM,INDPROD,2020,24165.528
NETHLAND,BALANCE,NATGASCM,INDPROD,2021,21962.238
NETHLAND,BALANCE,NATGASCM,INDPROD,3Q2022,4211.108
NETHLAND,BALANCE,NATGASCM,INDPROD,Nov-21,1629.9
NETHLAND,BALANCE,NATGASCM,INDPROD,Nov-22,1507.704
NETHLAND,BALANCE,NATGASCM,INDPROD,YTD2021,20128.291
NETHLAND,BALANCE,NATGASCM,INDPROD,YTD2022,17099.008
NETHLAND,BALANCE,NATGASCM,STCHANAT,2020,-115.146
NETHLAND,BALANCE,NATGASCM,STCHANAT,2021,-6335.147
NETHLAND,BALANCE,NATGASCM,STCHANAT,3Q2022,5724.406
NETHLAND,BALANCE,NATGASCM,STCHANAT,Nov-21,-1040.473
NETHLAND,BALANCE,NATGASCM,STCHANAT,Nov-22,-469.47
NETHLAND,BALANCE,NATGASCM,STCHANAT,YTD2021,-3382.67
NETHLAND,BALANCE,NATGASCM,STCHANAT,YTD2022,8169.866
NETHLAND,BALANCE,NATGASCM,TOTENTSB,2020,59920.727
NETHLAND,BALANCE,NATGASCM,TOTENTSB,2021,57424.923
NETHLAND,BALANCE,NATGASCM,TOTENTSB,3Q2022,16626.556
NETHLAND,BALANCE,NATGASCM,TOTENTSB,Nov-21,4654.21
NETHLAND,BALANCE,NATGASCM,TOTENTSB,Nov-22,4691.614
NETHLAND,BALANCE,NATGASCM,TOTENTSB,YTD2021,53270.029
NETHLAND,BALANCE,NATGASCM,TOTENTSB,YTD2022,56923.875
NETHLAND,BALANCE,NATGASCM,TOTEXTSB,2020,39974.464
NETHLAND,BALANCE,NATGASCM,TOTEXTSB,2021,43278.055
NETHLAND,BALANCE,NATGASCM,TOTEXTSB,3Q2022,9682.2
NETHLAND,BALANCE,NATGASCM,TOTEXTSB,Nov-21,3460.177
NETHLAND,BALANCE,NATGASCM,TOTEXTSB,Nov-22,3895.216
NETHLAND,BALANCE,NATGASCM,TOTEXTSB,YTD2021,38777.419
NETHLAND,BALANCE,NATGASCM,TOTEXTSB,YTD2022,36770.09
NORWAY,BALANCE,NATGASCM,GDINCTRO,2020,4915.076
NORWAY,BALANCE,NATGASCM,GDINCTRO,2021,4551.663
NORWAY,BALANCE,NATGASCM,GDINCTRO,3Q2022,1132.275
NORWAY,BALANCE,NATGASCM,GDINCTRO,Nov-21,365.298
NORWAY,BALANCE,NATGASCM,GDINCTRO,Nov-22,365.423
NORWAY,BALANCE,NATGASCM,GDINCTRO,YTD2021,4177.712
NORWAY,BALANCE,NATGASCM,GDINCTRO,YTD2022,4053.999
NORWAY,BALANCE,NATGASCM,INDPROD,2020,116206.117
NORWAY,BALANCE,NATGASCM,INDPROD,2021,118299.735
NORWAY,BALANCE,NATGASCM,INDPROD,3Q2022,31533.521
NORWAY,BALANCE,NATGASCM,INDPROD,Nov-21,10696.79
NORWAY,BALANCE,NATGASCM,INDPROD,Nov-22,10631.952
NORWAY,BALANCE,NATGASCM,INDPROD,YTD2021,106974.065
NORWAY,BALANCE,NATGASCM,INDPROD,YTD2022,115494.307
NORWAY,BALANCE,NATGASCM,STCHANAT,2020,-4.71
NORWAY,BALANCE,NATGASCM,STCHANAT,2021,73.032
NORWAY,BALANCE,NATGASCM,STCHANAT,3Q2022,-0.033
NORWAY,BALANCE,NATGASCM,STCHANAT,Nov-21,-0.218
NORWAY,BALANCE,NATGASCM,STCHANAT,Nov-22,-61.369
NORWAY,BALANCE,NATGASCM,STCHANAT,YTD2021,-8.945
NORWAY,BALANCE,NATGASCM,STCHANAT,YTD2022,-30.415
NORWAY,BALANCE,NATGASCM,TOTENTSB,2021,37.048
NORWAY,BALANCE,NATGASCM,TOTENTSB,3Q2022,11.212
NORWAY,BALANCE,NATGASCM,TOTENTSB,Nov-21,4.827
NORWAY,BALANCE,NATGASCM,TOTENTSB,Nov-22,13.177
NORWAY,BALANCE,NATGASCM,TOTENTSB,YTD2021,33.481
NORWAY,BALANCE,NATGASCM,TOTENTSB,YTD2022,61.157
NORWAY,BALANCE,NATGASCM,TOTEXTSB,2020,112952.075
NORWAY,BALANCE,NATGASCM,TOTEXTSB,2021,111456.507
NORWAY,BALANCE,NATGASCM,TOTEXTSB,3Q2022,29432.094
NORWAY,BALANCE,NATGASCM,TOTEXTSB,Nov-21,10049.547
NORWAY,BALANCE,NATGASCM,TOTEXTSB,Nov-22,9804.695
NORWAY,BALANCE,NATGASCM,TOTEXTSB,YTD2021,100819.006
NORWAY,BALANCE,NATGASCM,TOTEXTSB,YTD2022,107815.869
NZ,BALANCE,NATGASCM,GDINCTRO,2020,4461
NZ,BALANCE,NATGASCM,GDINCTRO,2021,3814
NZ,BALANCE,NATGASCM,GDINCTRO,3Q2022,871
NZ,BALANCE,NATGASCM,GDINCTRO,Nov-21,316
NZ,BALANCE,NATGASCM,GDINCTRO,Nov-22,272
NZ,BALANCE,NATGASCM,GDINCTRO,YTD2021,3508
NZ,BALANCE,NATGASCM,GDINCTRO,YTD2022,3437
NZ,BALANCE,NATGASCM,INDPROD,2020,4477
NZ,BALANCE,NATGASCM,INDPROD,2021,3916
NZ,BALANCE,NATGASCM,INDPROD,3Q2022,955
NZ,BALANCE,NATGASCM,INDPROD,Nov-21,336
NZ,BALANCE,NATGASCM,INDPROD,Nov-22,284
NZ,BALANCE,NATGASCM,INDPROD,YTD2021,3586
NZ,BALANCE,NATGASCM,INDPROD,YTD2022,3456
NZ,BALANCE,NATGASCM,STCHANAT,2020,16
NZ,BALANCE,NATGASCM,STCHANAT,2021,102
NZ,BALANCE,NATGASCM,STCHANAT,3Q2022,76
NZ,BALANCE,NATGASCM,STCHANAT,Nov-21,20
NZ,BALANCE,NATGASCM,STCHANAT,Nov-22,12
NZ,BALANCE,NATGASCM,STCHANAT,YTD2021,78
NZ,BALANCE,NATGASCM,STCHANAT,YTD2022,11
OECDAM,BALANCE,NATGASCM,GDINCTRO,2020,1049032.767
OECDAM,BALANCE,NATGASCM,GDINCTRO,2021,1058674.594
OECDAM,BALANCE,NATGASCM,GDINCTRO,3Q2022,251484.202
OECDAM,BALANCE,NATGASCM,GDINCTRO,Nov-21,92665.42
OECDAM,BALANCE,NATGASCM,GDINCTRO,Nov-22,96183.096
OECDAM,BALANCE,NATGASCM,GDINCTRO,YTD2021,953891.952
OECDAM,BALANCE,NATGASCM,GDINCTRO,YTD2022,993717.313
OECDAM,BALANCE,NATGASCM,INDPROD,2020,1172033.509
OECDAM,BALANCE,NATGASCM,INDPROD,2021,1207857.203
OECDAM,BALANCE,NATGASCM,INDPROD,3Q2022,320397.197
OECDAM,BALANCE,NATGASCM,INDPROD,Nov-21,102554.08
OECDAM,BALANCE,NATGASCM,INDPROD,Nov-22,106139.354
OECDAM,BALANCE,NATGASCM,INDPROD,YTD2021,1101416.63
OECDAM,BALANCE,NATGASCM,INDPROD,YTD2022,1150614.864
OECDAM,BALANCE,NATGASCM,STCHANAT,2020,7505.792
OECDAM,BALANCE,NATGASCM,STCHANAT,2021,-6504.319
OECDAM,BALANCE,NATGASCM,STCHANAT,3Q2022,30553.489
OECDAM,BALANCE,NATGASCM,STCHANAT,Nov-21,-4684.493
OECDAM,BALANCE,NATGASCM,STCHANAT,Nov-22,-2704.37
OECDAM,BALANCE,NATGASCM,STCHANAT,YTD2021,5168.687
OECDAM,BALANCE,NATGASCM,STCHANAT,YTD2022,10383.805
OECDAM,BALANCE,NATGASCM,TOTENTSB,2020,109586.962
OECDAM,BALANCE,NATGASCM,TOTENTSB,2021,117559.79
OECDAM,BALANCE,NATGASCM,TOTENTSB,3Q2022,28676.137
OECDAM,BALANCE,NATGASCM,TOTENTSB,Nov-21,9934.355
OECDAM,BALANCE,NATGASCM,TOTENTSB,Nov-22,10253.23
OECDAM,BALANCE,NATGASCM,TOTENTSB,YTD2021,106580.65
OECDAM,BALANCE,NATGASCM,TOTENTSB,YTD2022,109181.694
OECDAM,BALANCE,NATGASCM,TOTEXTSB,2020,220582.912
OECDAM,BALANCE,NATGASCM,TOTEXTSB,2021,267948.218
OECDAM,BALANCE,NATGASCM,TOTEXTSB,3Q2022,66816.243
OECDAM,BALANCE,NATGASCM,TOTEXTSB,Nov-21,22842.708
OECDAM,BALANCE,NATGASCM,TOTEXTSB,Nov-22,22647.858
OECDAM,BALANCE,NATGASCM,TOTEXTSB,YTD2021,243282.841
OECDAM,BALANCE,NATGASCM,TOTEXTSB,YTD2022,256096.14
OECDAO,BALANCE,NATGASCM,GDINCTRO,2020,235609.519
OECDAO,BALANCE,NATGASCM,GDINCTRO,2021,224229.785
OECDAO,BALANCE,NATGASCM,GDINCTRO,3Q2022,53684.808
OECDAO,BALANCE,NATGASCM,GDINCTRO,Nov-21,18354.133
OECDAO,BALANCE,NATGASCM,GDINCTRO,Nov-22,17497.481
OECDAO,BALANCE,NATGASCM,GDINCTRO,YTD2021,202902.276
OECDAO,BALANCE,NATGASCM,GDINCTRO,YTD2022,203237.35
OECDAO,BALANCE,NATGASCM,INDPROD,2020,174305.606
OECDAO,BALANCE,NATGASCM,INDPROD,2021,180391.401
OECDAO,BALANCE,NATGASCM,INDPROD,3Q2022,47832.704
OECDAO,BALANCE,NATGASCM,INDPROD,Nov-21,15325.919
OECDAO,BALANCE,NATGASCM,INDPROD,Nov-22,15456.441
OECDAO,BALANCE,NATGASCM,INDPROD,YTD2021,165077.75
OECDAO,BALANCE,NATGASCM,INDPROD,YTD2022,171389.363
OECDAO,BALANCE,NATGASCM,STCHANAT,2020,-789.937
OECDAO,BALANCE,NATGASCM,STCHANAT,2021,2744.727
OECDAO,BALANCE,NATGASCM,STCHANAT,3Q2022,3431.647
OECDAO,BALANCE,NATGASCM,STCHANAT,Nov-21,-201.263
OECDAO,BALANCE,NATGASCM,STCHANAT,Nov-22,801.027
OECDAO,BALANCE,NATGASCM,STCHANAT,YTD2021,4122.509
OECDAO,BALANCE,NATGASCM,STCHANAT,YTD2022,4466.632
OECDAO,BALANCE,NATGASCM,TOTENTSB,2020,168121.568
OECDAO,BALANCE,NATGASCM,TOTENTSB,2021,165944.419
OECDAO,BALANCE,NATGASCM,TOTENTSB,3Q2022,38414.887
OECDAO,BALANCE,NATGASCM,TOTENTSB,Nov-21,12924.208
OECDAO,BALANCE,NATGASCM,TOTENTSB,Nov-22,12742.067
OECDAO,BALANCE,NATGASCM,TOTENTSB,YTD2021,150516.465
OECDAO,BALANCE,NATGASCM,TOTENTSB,YTD2022,145621.283
OECDAO,BALANCE,NATGASCM,TOTEXTSB,2020,106022
OECDAO,BALANCE,NATGASCM,TOTEXTSB,2021,112839
OECDAO,BALANCE,NATGASCM,TOTEXTSB,3Q2022,27233
OECDAO,BALANCE,NATGASCM,TOTEXTSB,Nov-21,9778
OECDAO,BALANCE,NATGASCM,TOTEXTSB,Nov-22,9556
OECDAO,BALANCE,NATGASCM,TOTEXTSB,YTD2021,103074
OECDAO,BALANCE,NATGASCM,TOTEXTSB,YTD2022,103757
OECDEUR,BALANCE,NATGASCM,GDINCTRO,2020,507042.569
OECDEUR,BALANCE,NATGASCM,GDINCTRO,2021,537503.683
OECDEUR,BALANCE,NATGASCM,GDINCTRO,3Q2022,80648.663
OECDEUR,BALANCE,NATGASCM,GDINCTRO,Nov-21,54114.547
OECDEUR,BALANCE,NATGASCM,GDINCTRO,Nov-22,39598.445
OECDEUR,BALANCE,NATGASCM,GDINCTRO,YTD2021,474794.228
OECDEUR,BALANCE,NATGASCM,GDINCTRO,YTD2022,416063.3
OECDEUR,BALANCE,NATGASCM,INDPROD,2020,202093.197
OECDEUR,BALANCE,NATGASCM,INDPROD,2021,193860.389
OECDEUR,BALANCE,NATGASCM,INDPROD,3Q2022,49978.252
OECDEUR,BALANCE,NATGASCM,INDPROD,Nov-21,17350.878
OECDEUR,BALANCE,NATGASCM,INDPROD,Nov-22,17042.953
OECDEUR,BALANCE,NATGASCM,INDPROD,YTD2021,175542.454
OECDEUR,BALANCE,NATGASCM,INDPROD,YTD2022,186361.75
OECDEUR,BALANCE,NATGASCM,STCHANAT,2020,-13013.971
OECDEUR,BALANCE,NATGASCM,STCHANAT,2021,-23435.712
OECDEUR,BALANCE,NATGASCM,STCHANAT,3Q2022,33223.761
OECDEUR,BALANCE,NATGASCM,STCHANAT,Nov-21,-10673.295
OECDEUR,BALANCE,NATGASCM,STCHANAT,Nov-22,-929.937
OECDEUR,BALANCE,NATGASCM,STCHANAT,YTD2021,-8122.624
OECDEUR,BALANCE,NATGASCM,STCHANAT,YTD2022,45623.122
OECDEUR,BALANCE,NATGASCM,TOTENTSB,2020,733135.84
OECDEUR,BALANCE,NATGASCM,TOTENTSB,2021,737248.147
OECDEUR,BALANCE,NATGASCM,TOTENTSB,3Q2022,156925.246
OECDEUR,BALANCE,NATGASCM,TOTENTSB,Nov-21,59162.02
OECDEUR,BALANCE,NATGASCM,TOTENTSB,Nov-22,51017.935
OECDEUR,BALANCE,NATGASCM,TOTENTSB,YTD2021,671637.119
OECDEUR,BALANCE,NATGASCM,TOTENTSB,YTD2022,639827.504
OECDEUR,BALANCE,NATGASCM,TOTEXTSB,2020,441722.989
OECDEUR,BALANCE,NATGASCM,TOTEXTSB,2021,413730.631
OECDEUR,BALANCE,NATGASCM,TOTEXTSB,3Q2022,91725.999
OECDEUR,BALANCE,NATGASCM,TOTEXTSB,Nov-21,32522.01
OECDEUR,BALANCE,NATGASCM,TOTEXTSB,Nov-22,28934.678
OECDEUR,BALANCE,NATGASCM,TOTEXTSB,YTD2021,377391.405
OECDEUR,BALANCE,NATGASCM,TOTEXTSB,YTD2022,359823.614
OECDTOT,BALANCE,NATGASCM,GDINCTRO,2020,1791684.855
OECDTOT,BALANCE,NATGASCM,GDINCTRO,2021,1820408.062
OECDTOT,BALANCE,NATGASCM,GDINCTRO,3Q2022,385817.673
OECDTOT,BALANCE,NATGASCM,GDINCTRO,Nov-21,165134.1
OECDTOT,BALANCE,NATGASCM,GDINCTRO,Nov-22,153279.022
OECDTOT,BALANCE,NATGASCM,GDINCTRO,YTD2021,1631588.456
OECDTOT,BALANCE,NATGASCM,GDINCTRO,YTD2022,1613017.963
OECDTOT,BALANCE,NATGASCM,INDPROD,2020,1548432.312
OECDTOT,BALANCE,NATGASCM,INDPROD,2021,1582108.993
OECDTOT,BALANCE,NATGASCM,INDPROD,3Q2022,418208.153
OECDTOT,BALANCE,NATGASCM,INDPROD,Nov-21,135230.877
OECDTOT,BALANCE,NATGASCM,INDPROD,Nov-22,138638.748
OECDTOT,BALANCE,NATGASCM,INDPROD,YTD2021,1442036.834
OECDTOT,BALANCE,NATGASCM,INDPROD,YTD2022,1508365.977
OECDTOT,BALANCE,NATGASCM,STCHANAT,2020,-6298.116
OECDTOT,BALANCE,NATGASCM,STCHANAT,2021,-27195.304
OECDTOT,BALANCE,NATGASCM,STCHANAT,3Q2022,67208.897
OECDTOT,BALANCE,NATGASCM,STCHANAT,Nov-21,-15559.051
OECDTOT,BALANCE,NATGASCM,STCHANAT,Nov-22,-2833.28
OECDTOT,BALANCE,NATGASCM,STCHANAT,YTD2021,1168.572
OECDTOT,BALANCE,NATGASCM,STCHANAT,YTD2022,60473.559
OECDTOT,BALANCE,NATGASCM,TOTENTSB,2020,1010844.37
OECDTOT,BALANCE,NATGASCM,TOTENTSB,2021,1020752.356
OECDTOT,BALANCE,NATGASCM,TOTENTSB,3Q2022,224016.27
OECDTOT,BALANCE,NATGASCM,TOTENTSB,Nov-21,82020.583
OECDTOT,BALANCE,NATGASCM,TOTENTSB,Nov-22,74013.232
OECDTOT,BALANCE,NATGASCM,TOTENTSB,YTD2021,928734.234
OECDTOT,BALANCE,NATGASCM,TOTENTSB,YTD2022,894630.481
OECDTOT,BALANCE,NATGASCM,TOTEXTSB,2020,768327.901
OECDTOT,BALANCE,NATGASCM,TOTEXTSB,2021,794517.849
OECDTOT,BALANCE,NATGASCM,TOTEXTSB,3Q2022,185775.242
OECDTOT,BALANCE,NATGASCM,TOTEXTSB,Nov-21,65142.718
OECDTOT,BALANCE,NATGASCM,TOTEXTSB,Nov-22,61138.536
OECDTOT,BALANCE,NATGASCM,TOTEXTSB,YTD2021,723748.246
OECDTOT,BALANCE,NATGASCM,TOTEXTSB,YTD2022,719676.754
POLAND,BALANCE,NATGASCM,GDINCTRO,2020,21992.73
POLAND,BALANCE,NATGASCM,GDINCTRO,2021,23416.605
POLAND,BALANCE,NATGASCM,GDINCTRO,3Q2022,3142.039
POLAND,BALANCE,NATGASCM,GDINCTRO,Nov-21,2102.838
POLAND,BALANCE,NATGASCM,GDINCTRO,Nov-22,1895.289
POLAND,BALANCE,NATGASCM,GDINCTRO,YTD2021,20791.334
POLAND,BALANCE,NATGASCM,GDINCTRO,YTD2022,17209.902
POLAND,BALANCE,NATGASCM,INDPROD,2020,5592.88
POLAND,BALANCE,NATGASCM,INDPROD,2021,5562.928
POLAND,BALANCE,NATGASCM,INDPROD,3Q2022,1354.446
POLAND,BALANCE,NATGASCM,INDPROD,Nov-21,478.499
POLAND,BALANCE,NATGASCM,INDPROD,Nov-22,462.828
POLAND,BALANCE,NATGASCM,INDPROD,YTD2021,5063.675
POLAND,BALANCE,NATGASCM,INDPROD,YTD2022,5000.128
POLAND,BALANCE,NATGASCM,STCHANAT,2020,-492.985
POLAND,BALANCE,NATGASCM,STCHANAT,2021,418.57
POLAND,BALANCE,NATGASCM,STCHANAT,3Q2022,580.697
POLAND,BALANCE,NATGASCM,STCHANAT,Nov-21,-34.353
POLAND,BALANCE,NATGASCM,STCHANAT,Nov-22,-203.58
POLAND,BALANCE,NATGASCM,STCHANAT,YTD2021,787.754
POLAND,BALANCE,NATGASCM,STCHANAT,YTD2022,822.073
POLAND,BALANCE,NATGASCM,TOTENTSB,2020,41038.4
POLAND,BALANCE,NATGASCM,TOTENTSB,2021,39359.719
POLAND,BALANCE,NATGASCM,TOTENTSB,3Q2022,2539.142
POLAND,BALANCE,NATGASCM,TOTENTSB,Nov-21,2153.581
POLAND,BALANCE,NATGASCM,TOTENTSB,Nov-22,1294.104
POLAND,BALANCE,NATGASCM,TOTENTSB,YTD2021,37197.372
POLAND,BALANCE,NATGASCM,TOTENTSB,YTD2022,13741.401
POLAND,BALANCE,NATGASCM,TOTEXTSB,2020,25131.535
POLAND,BALANCE,NATGASCM,TOTEXTSB,2021,21087.472
POLAND,BALANCE,NATGASCM,TOTEXTSB,3Q2022,170.852
POLAND,BALANCE,NATGASCM,TOTEXTSB,Nov-21,563.595
POLAND,BALANCE,NATGASCM,TOTEXTSB,Nov-22,65.223
POLAND,BALANCE,NATGASCM,TOTEXTSB,YTD2021,20681.959
POLAND,BALANCE,NATGASCM,TOTEXTSB,YTD2022,709.554
PORTUGAL,BALANCE,NATGASCM,GDINCTRO,2020,5986.568
PORTUGAL,BALANCE,NATGASCM,GDINCTRO,2021,5762.376
PORTUGAL,BALANCE,NATGASCM,GDINCTRO,3Q2022,1440.57
PORTUGAL,BALANCE,NATGASCM,GDINCTRO,Nov-21,510.773
PORTUGAL,BALANCE,NATGASCM,GDINCTRO,Nov-22,474.722
PORTUGAL,BALANCE,NATGASCM,GDINCTRO,YTD2021,5312.503
PORTUGAL,BALANCE,NATGASCM,GDINCTRO,YTD2022,5116.177
PORTUGAL,BALANCE,NATGASCM,STCHANAT,2020,-42.962
PORTUGAL,BALANCE,NATGASCM,STCHANAT,2021,4.512
PORTUGAL,BALANCE,NATGASCM,STCHANAT,3Q2022,-38.127
PORTUGAL,BALANCE,NATGASCM,STCHANAT,Nov-21,-26.008
PORTUGAL,BALANCE,NATGASCM,STCHANAT,Nov-22,-78.432
PORTUGAL,BALANCE,NATGASCM,STCHANAT,YTD2021,43.939
PORTUGAL,BALANCE,NATGASCM,STCHANAT,YTD2022,108.173
PORTUGAL,BALANCE,NATGASCM,TOTENTSB,2020,6060.931
PORTUGAL,BALANCE,NATGASCM,TOTENTSB,2021,5874.846
PORTUGAL,BALANCE,NATGASCM,TOTENTSB,3Q2022,1434.953
PORTUGAL,BALANCE,NATGASCM,TOTENTSB,Nov-21,505.292
PORTUGAL,BALANCE,NATGASCM,TOTENTSB,Nov-22,455.905
PORTUGAL,BALANCE,NATGASCM,TOTENTSB,YTD2021,5446.419
PORTUGAL,BALANCE,NATGASCM,TOTENTSB,YTD2022,5651.429
PORTUGAL,BALANCE,NATGASCM,TOTEXTSB,2020,159.921
PORTUGAL,BALANCE,NATGASCM,TOTEXTSB,2021,195.092
PORTUGAL,BALANCE,NATGASCM,TOTEXTSB,3Q2022,30.201
PORTUGAL,BALANCE,NATGASCM,TOTEXTSB,Nov-21,7.556
PORTUGAL,BALANCE,NATGASCM,TOTEXTSB,Nov-22,59.264
PORTUGAL,BALANCE,NATGASCM,TOTEXTSB,YTD2021,189.821
PORTUGAL,BALANCE,NATGASCM,TOTEXTSB,YTD2022,348.563
SLOVAKIA,BALANCE,NATGASCM,GDINCTRO,2020,4876.883
SLOVAKIA,BALANCE,NATGASCM,GDINCTRO,2021,5462.606
SLOVAKIA,BALANCE,NATGASCM,GDINCTRO,3Q2022,788.37
SLOVAKIA,BALANCE,NATGASCM,GDINCTRO,Nov-21,546.008
SLOVAKIA,BALANCE,NATGASCM,GDINCTRO,Nov-22,504.258
SLOVAKIA,BALANCE,NATGASCM,GDINCTRO,YTD2021,4778.767
SLOVAKIA,BALANCE,NATGASCM,GDINCTRO,YTD2022,4628.46
SLOVAKIA,BALANCE,NATGASCM,INDPROD,2020,65.869
SLOVAKIA,BALANCE,NATGASCM,INDPROD,2021,65.333
SLOVAKIA,BALANCE,NATGASCM,INDPROD,3Q2022,13.952
SLOVAKIA,BALANCE,NATGASCM,INDPROD,Nov-21,5.779
SLOVAKIA,BALANCE,NATGASCM,INDPROD,Nov-22,3.717
SLOVAKIA,BALANCE,NATGASCM,INDPROD,YTD2021,60.405
SLOVAKIA,BALANCE,NATGASCM,INDPROD,YTD2022,51.739
SLOVAKIA,BALANCE,NATGASCM,STCHANAT,2020,-509.694
SLOVAKIA,BALANCE,NATGASCM,STCHANAT,2021,-1645.832
SLOVAKIA,BALANCE,NATGASCM,STCHANAT,3Q2022,819.709
SLOVAKIA,BALANCE,NATGASCM,STCHANAT,Nov-21,-222.591
SLOVAKIA,BALANCE,NATGASCM,STCHANAT,Nov-22,-50.862
SLOVAKIA,BALANCE,NATGASCM,STCHANAT,YTD2021,-960.47
SLOVAKIA,BALANCE,NATGASCM,STCHANAT,YTD2022,1552.926
SLOVAKIA,BALANCE,NATGASCM,TOTENTSB,2020,50688.435
SLOVAKIA,BALANCE,NATGASCM,TOTENTSB,2021,40361.571
SLOVAKIA,BALANCE,NATGASCM,TOTENTSB,3Q2022,5141.555
SLOVAKIA,BALANCE,NATGASCM,TOTENTSB,Nov-21,3204.5
SLOVAKIA,BALANCE,NATGASCM,TOTENTSB,Nov-22,1467.381
SLOVAKIA,BALANCE,NATGASCM,TOTENTSB,YTD2021,37099.22
SLOVAKIA,BALANCE,NATGASCM,TOTENTSB,YTD2022,24092.664
SLOVAKIA,BALANCE,NATGASCM,TOTEXTSB,2020,46387.115
SLOVAKIA,BALANCE,NATGASCM,TOTEXTSB,2021,36610.129
SLOVAKIA,BALANCE,NATGASCM,TOTEXTSB,3Q2022,3547.428
SLOVAKIA,BALANCE,NATGASCM,TOTEXTSB,Nov-21,2886.862
SLOVAKIA,BALANCE,NATGASCM,TOTEXTSB,Nov-22,1017.702
SLOVAKIA,BALANCE,NATGASCM,TOTEXTSB,YTD2021,33341.327
SLOVAKIA,BALANCE,NATGASCM,TOTEXTSB,YTD2022,17963.017
SLOVENIA,BALANCE,NATGASCM,GDINCTRO,2020,905.434
SLOVENIA,BALANCE,NATGASCM,GDINCTRO,2021,951.567
SLOVENIA,BALANCE,NATGASCM,GDINCTRO,3Q2022,136.086
SLOVENIA,BALANCE,NATGASCM,GDINCTRO,Nov-21,94.853
SLOVENIA,BALANCE,NATGASCM,GDINCTRO,Nov-22,78.962
SLOVENIA,BALANCE,NATGASCM,GDINCTRO,YTD2021,840.052
SLOVENIA,BALANCE,NATGASCM,GDINCTRO,YTD2022,748.815
SLOVENIA,BALANCE,NATGASCM,INDPROD,2020,5.334
SLOVENIA,BALANCE,NATGASCM,INDPROD,2021,5.067
SLOVENIA,BALANCE,NATGASCM,INDPROD,3Q2022,0.586
SLOVENIA,BALANCE,NATGASCM,INDPROD,Nov-21,0.453
SLOVENIA,BALANCE,NATGASCM,INDPROD,Nov-22,0.462
SLOVENIA,BALANCE,NATGASCM,INDPROD,YTD2021,4.552
SLOVENIA,BALANCE,NATGASCM,INDPROD,YTD2022,4.015
SLOVENIA,BALANCE,NATGASCM,TOTENTSB,2020,1565.1
SLOVENIA,BALANCE,NATGASCM,TOTENTSB,2021,1116.7
SLOVENIA,BALANCE,NATGASCM,TOTENTSB,3Q2022,303.5
SLOVENIA,BALANCE,NATGASCM,TOTENTSB,Nov-21,104.7
SLOVENIA,BALANCE,NATGASCM,TOTENTSB,Nov-22,120.6
SLOVENIA,BALANCE,NATGASCM,TOTENTSB,YTD2021,984.9
SLOVENIA,BALANCE,NATGASCM,TOTENTSB,YTD2022,1151.7
SLOVENIA,BALANCE,NATGASCM,TOTEXTSB,2020,665
SLOVENIA,BALANCE,NATGASCM,TOTEXTSB,2021,170.2
SLOVENIA,BALANCE,NATGASCM,TOTEXTSB,3Q2022,168
SLOVENIA,BALANCE,NATGASCM,TOTEXTSB,Nov-21,10.3
SLOVENIA,BALANCE,NATGASCM,TOTEXTSB,Nov-22,42.1
SLOVENIA,BALANCE,NATGASCM,TOTEXTSB,YTD2021,149.4
SLOVENIA,BALANCE,NATGASCM,TOTEXTSB,YTD2022,406.9
SPAIN,BALANCE,NATGASCM,GDINCTRO,2020,31738
SPAIN,BALANCE,NATGASCM,GDINCTRO,2021,33581.511
SPAIN,BALANCE,NATGASCM,GDINCTRO,3Q2022,7827.796
SPAIN,BALANCE,NATGASCM,GDINCTRO,Nov-21,3474.288
SPAIN,BALANCE,NATGASCM,GDINCTRO,Nov-22,2455.038
SPAIN,BALANCE,NATGASCM,GDINCTRO,YTD2021,30187.625
SPAIN,BALANCE,NATGASCM,GDINCTRO,YTD2022,29868.121
SPAIN,BALANCE,NATGASCM,INDPROD,2020,58.207
SPAIN,BALANCE,NATGASCM,INDPROD,2021,48.037
SPAIN,BALANCE,NATGASCM,INDPROD,3Q2022,11.564
SPAIN,BALANCE,NATGASCM,INDPROD,Nov-21,3.429
SPAIN,BALANCE,NATGASCM,INDPROD,Nov-22,4.875
SPAIN,BALANCE,NATGASCM,INDPROD,YTD2021,44.529
SPAIN,BALANCE,NATGASCM,INDPROD,YTD2022,42.369
SPAIN,BALANCE,NATGASCM,STCHANAT,2020,-763
SPAIN,BALANCE,NATGASCM,STCHANAT,2021,64.45
SPAIN,BALANCE,NATGASCM,STCHANAT,3Q2022,653.183
SPAIN,BALANCE,NATGASCM,STCHANAT,Nov-21,-508.765
SPAIN,BALANCE,NATGASCM,STCHANAT,Nov-22,25.097
SPAIN,BALANCE,NATGASCM,STCHANAT,YTD2021,237.673
SPAIN,BALANCE,NATGASCM,STCHANAT,YTD2022,1144.936
SPAIN,BALANCE,NATGASCM,TOTENTSB,2020,32489
SPAIN,BALANCE,NATGASCM,TOTENTSB,2021,36969.174
SPAIN,BALANCE,NATGASCM,TOTENTSB,3Q2022,9767.404
SPAIN,BALANCE,NATGASCM,TOTENTSB,Nov-21,3280.534
SPAIN,BALANCE,NATGASCM,TOTENTSB,Nov-22,3088.885
SPAIN,BALANCE,NATGASCM,TOTENTSB,YTD2021,33538.369
SPAIN,BALANCE,NATGASCM,TOTENTSB,YTD2022,36284.598
SPAIN,BALANCE,NATGASCM,TOTEXTSB,2020,1189.274
SPAIN,BALANCE,NATGASCM,TOTEXTSB,2021,3018.237
SPAIN,BALANCE,NATGASCM,TOTEXTSB,3Q2022,1281.596
SPAIN,BALANCE,NATGASCM,TOTEXTSB,Nov-21,192.709
SPAIN,BALANCE,NATGASCM,TOTEXTSB,Nov-22,561.174
SPAIN,BALANCE,NATGASCM,TOTEXTSB,YTD2021,2847.958
SPAIN,BALANCE,NATGASCM,TOTEXTSB,YTD2022,5086.795
SWEDEN,BALANCE,NATGASCM,GDINCTRO,2020,1101
SWEDEN,BALANCE,NATGASCM,GDINCTRO,2021,1272.084
SWEDEN,BALANCE,NATGASCM,GDINCTRO,3Q2022,159.764
SWEDEN,BALANCE,NATGASCM,GDINCTRO,Nov-21,102.823
SWEDEN,BALANCE,NATGASCM,GDINCTRO,Nov-22,53.54
SWEDEN,BALANCE,NATGASCM,GDINCTRO,YTD2021,1130.868
SWEDEN,BALANCE,NATGASCM,GDINCTRO,YTD2022,788.237
SWEDEN,BALANCE,NATGASCM,STCHANAT,3Q2022,0.045
SWEDEN,BALANCE,NATGASCM,STCHANAT,Nov-22,-4.378
SWEDEN,BALANCE,NATGASCM,STCHANAT,YTD2022,23.864
SWEDEN,BALANCE,NATGASCM,TOTENTSB,2020,1122
SWEDEN,BALANCE,NATGASCM,TOTENTSB,2021,1344.077
SWEDEN,BALANCE,NATGASCM,TOTENTSB,3Q2022,164.488
SWEDEN,BALANCE,NATGASCM,TOTENTSB,Nov-21,107.272
SWEDEN,BALANCE,NATGASCM,TOTENTSB,Nov-22,49.407
SWEDEN,BALANCE,NATGASCM,TOTENTSB,YTD2021,1200.957
SWEDEN,BALANCE,NATGASCM,TOTENTSB,YTD2022,844.588
SWEDEN,BALANCE,NATGASCM,TOTEXTSB,2020,14
SWEDEN,BALANCE,NATGASCM,TOTEXTSB,2021,49.27
SWEDEN,BALANCE,NATGASCM,TOTEXTSB,3Q2022,1.469
SWEDEN,BALANCE,NATGASCM,TOTEXTSB,Nov-21,3.194
SWEDEN,BALANCE,NATGASCM,TOTEXTSB,Nov-22,0.245
SWEDEN,BALANCE,NATGASCM,TOTEXTSB,YTD2021,48.76
SWEDEN,BALANCE,NATGASCM,TOTEXTSB,YTD2022,12.903
SWITLAND,BALANCE,NATGASCM,GDINCTRO,2020,3393.854
SWITLAND,BALANCE,NATGASCM,GDINCTRO,2021,3551.435
SWITLAND,BALANCE,NATGASCM,GDINCTRO,3Q2022,347.309
SWITLAND,BALANCE,NATGASCM,GDINCTRO,Nov-21,431.513
SWITLAND,BALANCE,NATGASCM,GDINCTRO,Nov-22,309.958
SWITLAND,BALANCE,NATGASCM,GDINCTRO,YTD2021,3052.864
SWITLAND,BALANCE,NATGASCM,GDINCTRO,YTD2022,2710.759
SWITLAND,BALANCE,NATGASCM,INDPROD,2020,37.99
SWITLAND,BALANCE,NATGASCM,INDPROD,2021,39.285
SWITLAND,BALANCE,NATGASCM,INDPROD,3Q2022,10.476
SWITLAND,BALANCE,NATGASCM,INDPROD,Nov-21,3.607
SWITLAND,BALANCE,NATGASCM,INDPROD,Nov-22,3.852
SWITLAND,BALANCE,NATGASCM,INDPROD,YTD2021,35.65
SWITLAND,BALANCE,NATGASCM,INDPROD,YTD2022,40.751
SWITLAND,BALANCE,NATGASCM,TOTENTSB,2020,11835.093
SWITLAND,BALANCE,NATGASCM,TOTENTSB,2021,5449.894
SWITLAND,BALANCE,NATGASCM,TOTENTSB,3Q2022,3014.548
SWITLAND,BALANCE,NATGASCM,TOTENTSB,Nov-21,447.305
SWITLAND,BALANCE,NATGASCM,TOTENTSB,Nov-22,832.968
SWITLAND,BALANCE,NATGASCM,TOTENTSB,YTD2021,4459.316
SWITLAND,BALANCE,NATGASCM,TOTENTSB,YTD2022,9843.673
SWITLAND,BALANCE,NATGASCM,TOTEXTSB,2020,8470.777
SWITLAND,BALANCE,NATGASCM,TOTEXTSB,2021,1937.744
SWITLAND,BALANCE,NATGASCM,TOTEXTSB,3Q2022,2677.715
SWITLAND,BALANCE,NATGASCM,TOTEXTSB,Nov-21,19.399
SWITLAND,BALANCE,NATGASCM,TOTEXTSB,Nov-22,526.862
SWITLAND,BALANCE,NATGASCM,TOTEXTSB,YTD2021,1442.102
SWITLAND,BALANCE,NATGASCM,TOTEXTSB,YTD2022,7173.665
TURKIYE,BALANCE,NATGASCM,GDINCTRO,2020,48232.491
TURKIYE,BALANCE,NATGASCM,GDINCTRO,2021,59650.68
TURKIYE,BALANCE,NATGASCM,GDINCTRO,3Q2022,9404.39
TURKIYE,BALANCE,NATGASCM,GDINCTRO,Nov-21,5398.07
TURKIYE,BALANCE,NATGASCM,GDINCTRO,Nov-22,2673.92
TURKIYE,BALANCE,NATGASCM,GDINCTRO,YTD2021,52958.98
TURKIYE,BALANCE,NATGASCM,GDINCTRO,YTD2022,45272.25
TURKIYE,BALANCE,NATGASCM,INDPROD,2020,441.39
TURKIYE,BALANCE,NATGASCM,INDPROD,2021,393.61
TURKIYE,BALANCE,NATGASCM,INDPROD,3Q2022,88.39
TURKIYE,BALANCE,NATGASCM,INDPROD,Nov-21,32.01
TURKIYE,BALANCE,NATGASCM,INDPROD,Nov-22,37.82
TURKIYE,BALANCE,NATGASCM,INDPROD,YTD2021,362.39
TURKIYE,BALANCE,NATGASCM,INDPROD,YTD2022,341.37
TURKIYE,BALANCE,NATGASCM,STCHANAT,2020,-242.64
TURKIYE,BALANCE,NATGASCM,STCHANAT,2021,-937.43
TURKIYE,BALANCE,NATGASCM,STCHANAT,3Q2022,1172.02
TURKIYE,BALANCE,NATGASCM,STCHANAT,Nov-21,-328.64
TURKIYE,BALANCE,NATGASCM,STCHANAT,Nov-22,1457.54
TURKIYE,BALANCE,NATGASCM,STCHANAT,YTD2021,-438.67
TURKIYE,BALANCE,NATGASCM,STCHANAT,YTD2022,3361.28
TURKIYE,BALANCE,NATGASCM,TOTENTSB,2020,48125.771
TURKIYE,BALANCE,NATGASCM,TOTENTSB,2021,58702.16
TURKIYE,BALANCE,NATGASCM,TOTENTSB,3Q2022,10665.69
TURKIYE,BALANCE,NATGASCM,TOTENTSB,Nov-21,5048.96
TURKIYE,BALANCE,NATGASCM,TOTENTSB,Nov-22,4123.14
TURKIYE,BALANCE,NATGASCM,TOTENTSB,YTD2021,52517.9
TURKIYE,BALANCE,NATGASCM,TOTENTSB,YTD2022,48853.21
TURKIYE,BALANCE,NATGASCM,TOTEXTSB,2020,577.31
TURKIYE,BALANCE,NATGASCM,TOTEXTSB,2021,382.52
TURKIYE,BALANCE,NATGASCM,TOTEXTSB,3Q2022,177.67
TURKIYE,BALANCE,NATGASCM,TOTEXTSB,Nov-21,11.54
TURKIYE,BALANCE,NATGASCM,TOTEXTSB,Nov-22,29.5
TURKIYE,BALANCE,NATGASCM,TOTEXTSB,YTD2021,359.98
TURKIYE,BALANCE,NATGASCM,TOTEXTSB,YTD2022,561.05
UK,BALANCE,NATGASCM,GDINCTRO,2020,73336.493
UK,BALANCE,NATGASCM,GDINCTRO,2021,76273.114
UK,BALANCE,NATGASCM,GDINCTRO,3Q2022,12638.056
UK,BALANCE,NATGASCM,GDINCTRO,Nov-21,7592.341
UK,BALANCE,NATGASCM,GDINCTRO,Nov-22,6651.241
UK,BALANCE,NATGASCM,GDINCTRO,YTD2021,67772.894
UK,BALANCE,NATGASCM,GDINCTRO,YTD2022,62404.16
UK,BALANCE,NATGASCM,INDPROD,2020,39931.396
UK,BALANCE,NATGASCM,INDPROD,2021,33081.468
UK,BALANCE,NATGASCM,INDPROD,3Q2022,9175.961
UK,BALANCE,NATGASCM,INDPROD,Nov-21,3261.593
UK,BALANCE,NATGASCM,INDPROD,Nov-22,3179.405
UK,BALANCE,NATGASCM,INDPROD,YTD2021,29735.011
UK,BALANCE,NATGASCM,INDPROD,YTD2022,34973.606
UK,BALANCE,NATGASCM,STCHANAT,2020,1000.473
UK,BALANCE,NATGASCM,STCHANAT,2021,1223.37
UK,BALANCE,NATGASCM,STCHANAT,3Q2022,-64.74
UK,BALANCE,NATGASCM,STCHANAT,Nov-21,-88.213
UK,BALANCE,NATGASCM,STCHANAT,Nov-22,-178.331
UK,BALANCE,NATGASCM,STCHANAT,YTD2021,1456.389
UK,BALANCE,NATGASCM,STCHANAT,YTD2022,587.613
UK,BALANCE,NATGASCM,TOTENTSB,2020,43925.149
UK,BALANCE,NATGASCM,TOTENTSB,2021,51070.296
UK,BALANCE,NATGASCM,TOTENTSB,3Q2022,10791.195
UK,BALANCE,NATGASCM,TOTENTSB,Nov-21,4968.359
UK,BALANCE,NATGASCM,TOTENTSB,Nov-22,4842.383
UK,BALANCE,NATGASCM,TOTENTSB,YTD2021,45707.638
UK,BALANCE,NATGASCM,TOTENTSB,YTD2022,49860.21
UK,BALANCE,NATGASCM,TOTEXTSB,2020,9597.016
UK,BALANCE,NATGASCM,TOTEXTSB,2021,6815.478
UK,BALANCE,NATGASCM,TOTEXTSB,3Q2022,7418.101
UK,BALANCE,NATGASCM,TOTEXTSB,Nov-21,676.159
UK,BALANCE,NATGASCM,TOTEXTSB,Nov-22,1580.951
UK,BALANCE,NATGASCM,TOTEXTSB,YTD2021,6115.829
UK,BALANCE,NATGASCM,TOTEXTSB,YTD2022,21800.608
USA,BALANCE,NATGASCM,GDINCTRO,2020,864046
USA,BALANCE,NATGASCM,GDINCTRO,2021,868335
USA,BALANCE,NATGASCM,GDINCTRO,3Q2022,210461
USA,BALANCE,NATGASCM,GDINCTRO,Nov-21,76265
USA,BALANCE,NATGASCM,GDINCTRO,Nov-22,78643
USA,BALANCE,NATGASCM,GDINCTRO,YTD2021,783177
USA,BALANCE,NATGASCM,GDINCTRO,YTD2022,819508
USA,BALANCE,NATGASCM,INDPROD,2020,950199
USA,BALANCE,NATGASCM,INDPROD,2021,979306
USA,BALANCE,NATGASCM,INDPROD,3Q2022,259567
USA,BALANCE,NATGASCM,INDPROD,Nov-21,83161
USA,BALANCE,NATGASCM,INDPROD,Nov-22,85720
USA,BALANCE,NATGASCM,INDPROD,YTD2021,893150
USA,BALANCE,NATGASCM,INDPROD,YTD2022,928558
USA,BALANCE,NATGASCM,STCHANAT,2020,4325
USA,BALANCE,NATGASCM,STCHANAT,2021,-3709
USA,BALANCE,NATGASCM,STCHANAT,3Q2022,23229
USA,BALANCE,NATGASCM,STCHANAT,Nov-21,-3755
USA,BALANCE,NATGASCM,STCHANAT,Nov-22,-1931
USA,BALANCE,NATGASCM,STCHANAT,YTD2021,5431
USA,BALANCE,NATGASCM,STCHANAT,YTD2022,8245
USA,BALANCE,NATGASCM,TOTENTSB,2020,72241
USA,BALANCE,NATGASCM,TOTENTSB,2021,79516
USA,BALANCE,NATGASCM,TOTENTSB,3Q2022,20573
USA,BALANCE,NATGASCM,TOTENTSB,Nov-21,6864
USA,BALANCE,NATGASCM,TOTENTSB,Nov-22,6926
USA,BALANCE,NATGASCM,TOTENTSB,YTD2021,72362
USA,BALANCE,NATGASCM,TOTENTSB,YTD2022,77191
USA,BALANCE,NATGASCM,TOTEXTSB,2020,149640
USA,BALANCE,NATGASCM,TOTEXTSB,2021,188376
USA,BALANCE,NATGASCM,TOTEXTSB,3Q2022,46413
USA,BALANCE,NATGASCM,TOTEXTSB,Nov-21,15772
USA,BALANCE,NATGASCM,TOTEXTSB,Nov-22,15683
USA,BALANCE,NATGASCM,TOTEXTSB,YTD2021,170793
USA,BALANCE,NATGASCM,TOTEXTSB,YTD2022,178250
OECDAM,ENTRIES,NATGASCM,AUSTRALI,2020,147
OECDAM,ENTRIES,NATGASCM,AUSTRALI,2021,8
OECDAM,ENTRIES,NATGASCM,AUSTRALI,3Q2022,67
OECDAM,ENTRIES,NATGASCM,AUSTRALI,Nov-21,8
OECDAM,ENTRIES,NATGASCM,AUSTRALI,YTD2021,8
OECDAM,ENTRIES,NATGASCM,AUSTRALI,YTD2022,213
OECDAM,ENTRIES,NATGASCM,CANADA,2020,70799
OECDAM,ENTRIES,NATGASCM,CANADA,2021,78859
OECDAM,ENTRIES,NATGASCM,CANADA,3Q2022,20400
OECDAM,ENTRIES,NATGASCM,CANADA,Nov-21,6814
OECDAM,ENTRIES,NATGASCM,CANADA,Nov-22,6891
OECDAM,ENTRIES,NATGASCM,CANADA,YTD2021,71753
OECDAM,ENTRIES,NATGASCM,CANADA,YTD2022,76576
OECDAM,ENTRIES,NATGASCM,NIGERIA,2020,195
OECDAM,ENTRIES,NATGASCM,NIGERIA,3Q2022,2
OECDAM,ENTRIES,NATGASCM,NIGERIA,YTD2022,4
OECDAM,ENTRIES,NATGASCM,NORWAY,2020,86
OECDAM,ENTRIES,NATGASCM,OTHENT,2020,4560.306
OECDAM,ENTRIES,NATGASCM,OTHENT,2021,2678.146
OECDAM,ENTRIES,NATGASCM,OTHENT,3Q2022,1442.4
OECDAM,ENTRIES,NATGASCM,OTHENT,Nov-21,364.251
OECDAM,ENTRIES,NATGASCM,OTHENT,Nov-22,532.968
OECDAM,ENTRIES,NATGASCM,OTHENT,YTD2021,2386.446
OECDAM,ENTRIES,NATGASCM,OTHENT,YTD2022,4989.778
OECDAM,ENTRIES,NATGASCM,OTHOECD,2020,50
OECDAM,ENTRIES,NATGASCM,OTHOECD,2021,49
OECDAM,ENTRIES,NATGASCM,OTHOECD,3Q2022,15
OECDAM,ENTRIES,NATGASCM,OTHOECD,Nov-21,1
OECDAM,ENTRIES,NATGASCM,OTHOECD,Nov-22,1
OECDAM,ENTRIES,NATGASCM,OTHOECD,YTD2021,47
OECDAM,ENTRIES,NATGASCM,OTHOECD,YTD2022,28
OECDAM,ENTRIES,NATGASCM,TOTENTST,2020,109586.962
OECDAM,ENTRIES,NATGASCM,TOTENTST,2021,117559.79
OECDAM,ENTRIES,NATGASCM,TOTENTST,3Q2022,28676.137
OECDAM,ENTRIES,NATGASCM,TOTENTST,Nov-21,9934.355
OECDAM,ENTRIES,NATGASCM,TOTENTST,Nov-22,10253.23
OECDAM,ENTRIES,NATGASCM,TOTENTST,YTD2021,106580.65
OECDAM,ENTRIES,NATGASCM,TOTENTST,YTD2022,109181.694
OECDAM,ENTRIES,NATGASCM,USA,2020,33749.656
OECDAM,ENTRIES,NATGASCM,USA,2021,35965.644
OECDAM,ENTRIES,NATGASCM,USA,3Q2022,6749.737
OECDAM,ENTRIES,NATGASCM,USA,Nov-21,2747.104
OECDAM,ENTRIES,NATGASCM,USA,Nov-22,2773.471
OECDAM,ENTRIES,NATGASCM,USA,YTD2021,32386.204
OECDAM,ENTRIES,NATGASCM,USA,YTD2022,27316.125
OECDAO,ENTRIES,NATGASCM,ALGERIA,2021,47.004
OECDAO,ENTRIES,NATGASCM,ALGERIA,3Q2022,84
OECDAO,ENTRIES,NATGASCM,ALGERIA,Nov-22,85.047
OECDAO,ENTRIES,NATGASCM,ALGERIA,YTD2022,169.047
OECDAO,ENTRIES,NATGASCM,AUSTRALI,2020,52053.219
OECDAO,ENTRIES,NATGASCM,AUSTRALI,2021,48095.138
OECDAO,ENTRIES,NATGASCM,AUSTRALI,3Q2022,13520.331
OECDAO,ENTRIES,NATGASCM,AUSTRALI,Nov-21,3766.52
OECDAO,ENTRIES,NATGASCM,AUSTRALI,Nov-22,4739.093
OECDAO,ENTRIES,NATGASCM,AUSTRALI,YTD2021,43429.526
OECDAO,ENTRIES,NATGASCM,AUSTRALI,YTD2022,51353.983
OECDAO,ENTRIES,NATGASCM,BELGIUM,2020,165
OECDAO,ENTRIES,NATGASCM,BELGIUM,2021,525
OECDAO,ENTRIES,NATGASCM,BELGIUM,YTD2021,440
OECDAO,ENTRIES,NATGASCM,BELGIUM,YTD2022,346
OECDAO,ENTRIES,NATGASCM,FRANCE,2020,88
OECDAO,ENTRIES,NATGASCM,INDONESIA,2020,6844.815
OECDAO,ENTRIES,NATGASCM,INDONESIA,2021,5469.735
OECDAO,ENTRIES,NATGASCM,INDONESIA,3Q2022,1577.808
OECDAO,ENTRIES,NATGASCM,INDONESIA,Nov-21,489.781
OECDAO,ENTRIES,NATGASCM,INDONESIA,Nov-22,654.266
OECDAO,ENTRIES,NATGASCM,INDONESIA,YTD2021,4775.345
OECDAO,ENTRIES,NATGASCM,INDONESIA,YTD2022,6604.095
OECDAO,ENTRIES,NATGASCM,MALAYSIA,2020,21783.527
OECDAO,ENTRIES,NATGASCM,MALAYSIA,2021,18614.455
OECDAO,ENTRIES,NATGASCM,MALAYSIA,3Q2022,6029.708
OECDAO,ENTRIES,NATGASCM,MALAYSIA,Nov-21,1626.718
OECDAO,ENTRIES,NATGASCM,MALAYSIA,Nov-22,2047.41
OECDAO,ENTRIES,NATGASCM,MALAYSIA,YTD2021,17084.223
OECDAO,ENTRIES,NATGASCM,MALAYSIA,YTD2022,21289.877
OECDAO,ENTRIES,NATGASCM,NIGERIA,2020,2397.238
OECDAO,ENTRIES,NATGASCM,NIGERIA,2021,2061.071
OECDAO,ENTRIES,NATGASCM,NIGERIA,3Q2022,879.527
OECDAO,ENTRIES,NATGASCM,NIGERIA,Nov-21,99.029
OECDAO,ENTRIES,NATGASCM,NIGERIA,Nov-22,156.414
OECDAO,ENTRIES,NATGASCM,NIGERIA,YTD2021,1859.533
OECDAO,ENTRIES,NATGASCM,NIGERIA,YTD2022,1836.912
OECDAO,ENTRIES,NATGASCM,NORWAY,2020,0
OECDAO,ENTRIES,NATGASCM,OMAN,2020,9031.537
OECDAO,ENTRIES,NATGASCM,OMAN,2021,8533.159
OECDAO,ENTRIES,NATGASCM,OMAN,3Q2022,2052.857
OECDAO,ENTRIES,NATGASCM,OMAN,Nov-21,564.313
OECDAO,ENTRIES,NATGASCM,OMAN,Nov-22,819.813
OECDAO,ENTRIES,NATGASCM,OMAN,YTD2021,7709.715
OECDAO,ENTRIES,NATGASCM,OMAN,YTD2022,8931.855
OECDAO,ENTRIES,NATGASCM,OTHENT,2020,24511.518
OECDAO,ENTRIES,NATGASCM,OTHENT,2021,22626.742
OECDAO,ENTRIES,NATGASCM,OTHENT,3Q2022,4323.092
OECDAO,ENTRIES,NATGASCM,OTHENT,Nov-21,1686.26
OECDAO,ENTRIES,NATGASCM,OTHENT,Nov-22,1526.838
OECDAO,ENTRIES,NATGASCM,OTHENT,YTD2021,20774.694
OECDAO,ENTRIES,NATGASCM,OTHENT,YTD2022,17636.244
OECDAO,ENTRIES,NATGASCM,OTHOECD,2020,0
OECDAO,ENTRIES,NATGASCM,OTHOECD,2021,15
OECDAO,ENTRIES,NATGASCM,OTHOECD,YTD2021,15
OECDAO,ENTRIES,NATGASCM,QATAR,2020,24917.564
OECDAO,ENTRIES,NATGASCM,QATAR,2021,27223.099
OECDAO,ENTRIES,NATGASCM,QATAR,3Q2022,3859.992
OECDAO,ENTRIES,NATGASCM,QATAR,Nov-21,2217.31
OECDAO,ENTRIES,NATGASCM,QATAR,Nov-22,1095.79
OECDAO,ENTRIES,NATGASCM,QATAR,YTD2021,24775.009
OECDAO,ENTRIES,NATGASCM,QATAR,YTD2022,14916.948
OECDAO,ENTRIES,NATGASCM,RUSSIA,2020,11439.1
OECDAO,ENTRIES,NATGASCM,RUSSIA,2021,11920.613
OECDAO,ENTRIES,NATGASCM,RUSSIA,3Q2022,2286.41
OECDAO,ENTRIES,NATGASCM,RUSSIA,Nov-21,1295.389
OECDAO,ENTRIES,NATGASCM,RUSSIA,Nov-22,844.909
OECDAO,ENTRIES,NATGASCM,RUSSIA,YTD2021,10726.494
OECDAO,ENTRIES,NATGASCM,RUSSIA,YTD2022,10513.766
OECDAO,ENTRIES,NATGASCM,TOTENTST,2020,168121.568
OECDAO,ENTRIES,NATGASCM,TOTENTST,2021,165944.419
OECDAO,ENTRIES,NATGASCM,TOTENTST,3Q2022,38414.887
OECDAO,ENTRIES,NATGASCM,TOTENTST,Nov-21,12924.208
OECDAO,ENTRIES,NATGASCM,TOTENTST,Nov-22,12742.067
OECDAO,ENTRIES,NATGASCM,TOTENTST,YTD2021,150516.465
OECDAO,ENTRIES,NATGASCM,TOTENTST,YTD2022,145621.283
OECDAO,ENTRIES,NATGASCM,USA,2020,14890.05
OECDAO,ENTRIES,NATGASCM,USA,2021,20654.403
OECDAO,ENTRIES,NATGASCM,USA,3Q2022,3801.162
OECDAO,ENTRIES,NATGASCM,USA,Nov-21,1178.888
OECDAO,ENTRIES,NATGASCM,USA,Nov-22,772.487
OECDAO,ENTRIES,NATGASCM,USA,YTD2021,18767.926
OECDAO,ENTRIES,NATGASCM,USA,YTD2022,12022.556
OECDEUR,ENTRIES,NATGASCM,ALGERIA,2020,22710.13
OECDEUR,ENTRIES,NATGASCM,ALGERIA,2021,27382.773
OECDEUR,ENTRIES,NATGASCM,ALGERIA,3Q2022,7891.349
OECDEUR,ENTRIES,NATGASCM,ALGERIA,Nov-21,2610.802
OECDEUR,ENTRIES,NATGASCM,ALGERIA,Nov-22,3165.185
OECDEUR,ENTRIES,NATGASCM,ALGERIA,YTD2021,25006.316
OECDEUR,ENTRIES,NATGASCM,ALGERIA,YTD2022,33398.496
OECDEUR,ENTRIES,NATGASCM,AUSTRALI,2021,74.904
OECDEUR,ENTRIES,NATGASCM,AUSTRALI,3Q2022,5.186
OECDEUR,ENTRIES,NATGASCM,AUSTRALI,Nov-21,59.579
OECDEUR,ENTRIES,NATGASCM,AUSTRALI,Nov-22,160.09
OECDEUR,ENTRIES,NATGASCM,AUSTRALI,YTD2021,59.579
OECDEUR,ENTRIES,NATGASCM,AUSTRALI,YTD2022,165.276
OECDEUR,ENTRIES,NATGASCM,BELARUS,2020,36619.545
OECDEUR,ENTRIES,NATGASCM,BELARUS,2021,33429.17
OECDEUR,ENTRIES,NATGASCM,BELARUS,3Q2022,322.2
OECDEUR,ENTRIES,NATGASCM,BELARUS,Nov-21,1501.773
OECDEUR,ENTRIES,NATGASCM,BELARUS,Nov-22,173.4
OECDEUR,ENTRIES,NATGASCM,BELARUS,YTD2021,31788.284
OECDEUR,ENTRIES,NATGASCM,BELARUS,YTD2022,4629.236
OECDEUR,ENTRIES,NATGASCM,BELGIUM,2020,20270.47
OECDEUR,ENTRIES,NATGASCM,BELGIUM,2021,19077.661
OECDEUR,ENTRIES,NATGASCM,BELGIUM,3Q2022,12864.967
OECDEUR,ENTRIES,NATGASCM,BELGIUM,Nov-21,1297.094
OECDEUR,ENTRIES,NATGASCM,BELGIUM,Nov-22,3406.49
OECDEUR,ENTRIES,NATGASCM,BELGIUM,YTD2021,17538.102
OECDEUR,ENTRIES,NATGASCM,BELGIUM,YTD2022,39189.831
OECDEUR,ENTRIES,NATGASCM,BULGARIA,2020,2393.769
OECDEUR,ENTRIES,NATGASCM,BULGARIA,2021,2604.046
OECDEUR,ENTRIES,NATGASCM,BULGARIA,3Q2022,108.148
OECDEUR,ENTRIES,NATGASCM,BULGARIA,Nov-21,210.562
OECDEUR,ENTRIES,NATGASCM,BULGARIA,Nov-22,3.486
OECDEUR,ENTRIES,NATGASCM,BULGARIA,YTD2021,2397.168
OECDEUR,ENTRIES,NATGASCM,BULGARIA,YTD2022,750.837
OECDEUR,ENTRIES,NATGASCM,FRANCE,2020,10512.766
OECDEUR,ENTRIES,NATGASCM,FRANCE,2021,6867.119
OECDEUR,ENTRIES,NATGASCM,FRANCE,3Q2022,4654.778
OECDEUR,ENTRIES,NATGASCM,FRANCE,Nov-21,776.587
OECDEUR,ENTRIES,NATGASCM,FRANCE,Nov-22,1662.269
OECDEUR,ENTRIES,NATGASCM,FRANCE,YTD2021,5856.462
OECDEUR,ENTRIES,NATGASCM,FRANCE,YTD2022,15053.357
OECDEUR,ENTRIES,NATGASCM,GERMANY,2020,82556.273
OECDEUR,ENTRIES,NATGASCM,GERMANY,2021,77869.647
OECDEUR,ENTRIES,NATGASCM,GERMANY,3Q2022,11287.708
OECDEUR,ENTRIES,NATGASCM,GERMANY,Nov-21,5533.19
OECDEUR,ENTRIES,NATGASCM,GERMANY,Nov-22,2463.298
OECDEUR,ENTRIES,NATGASCM,GERMANY,YTD2021,71819.506
OECDEUR,ENTRIES,NATGASCM,GERMANY,YTD2022,54150.99
OECDEUR,ENTRIES,NATGASCM,INDONESIA,3Q2022,13.723
OECDEUR,ENTRIES,NATGASCM,INDONESIA,YTD2022,23.68
OECDEUR,ENTRIES,NATGASCM,MALAYSIA,3Q2022,6.976
OECDEUR,ENTRIES,NATGASCM,MALAYSIA,YTD2022,6.976
OECDEUR,ENTRIES,NATGASCM,NIGERIA,2020,17829.224
OECDEUR,ENTRIES,NATGASCM,NIGERIA,2021,15029.966
OECDEUR,ENTRIES,NATGASCM,NIGERIA,3Q2022,2686.585
OECDEUR,ENTRIES,NATGASCM,NIGERIA,Nov-21,522.814
OECDEUR,ENTRIES,NATGASCM,NIGERIA,Nov-22,1388.703
OECDEUR,ENTRIES,NATGASCM,NIGERIA,YTD2021,13649.123
OECDEUR,ENTRIES,NATGASCM,NIGERIA,YTD2022,13318.81
OECDEUR,ENTRIES,NATGASCM,NORWAY,2020,111974.01
OECDEUR,ENTRIES,NATGASCM,NORWAY,2021,118595.72
OECDEUR,ENTRIES,NATGASCM,NORWAY,3Q2022,30212.672
OECDEUR,ENTRIES,NATGASCM,NORWAY,Nov-21,10721.009
OECDEUR,ENTRIES,NATGASCM,NORWAY,Nov-22,10295.243
OECDEUR,ENTRIES,NATGASCM,NORWAY,YTD2021,107229.592
OECDEUR,ENTRIES,NATGASCM,NORWAY,YTD2022,112950.261
OECDEUR,ENTRIES,NATGASCM,OMAN,2021,0.024
OECDEUR,ENTRIES,NATGASCM,OMAN,3Q2022,124.429
OECDEUR,ENTRIES,NATGASCM,OMAN,Nov-22,276.9
OECDEUR,ENTRIES,NATGASCM,OMAN,YTD2021,0.022
OECDEUR,ENTRIES,NATGASCM,OMAN,YTD2022,833.55
OECDEUR,ENTRIES,NATGASCM,OTHENT,2020,34188.24
OECDEUR,ENTRIES,NATGASCM,OTHENT,2021,39692.848
OECDEUR,ENTRIES,NATGASCM,OTHENT,3Q2022,13818.887
OECDEUR,ENTRIES,NATGASCM,OTHENT,Nov-21,3992.788
OECDEUR,ENTRIES,NATGASCM,OTHENT,Nov-22,5456.043
OECDEUR,ENTRIES,NATGASCM,OTHENT,YTD2021,35313.727
OECDEUR,ENTRIES,NATGASCM,OTHENT,YTD2022,48972.712
OECDEUR,ENTRIES,NATGASCM,OTHOECD,2020,65968.72
OECDEUR,ENTRIES,NATGASCM,OTHOECD,2021,75439.9
OECDEUR,ENTRIES,NATGASCM,OTHOECD,3Q2022,8074.659
OECDEUR,ENTRIES,NATGASCM,OTHOECD,Nov-21,4488.126
OECDEUR,ENTRIES,NATGASCM,OTHOECD,Nov-22,3205.255
OECDEUR,ENTRIES,NATGASCM,OTHOECD,YTD2021,70958.847
OECDEUR,ENTRIES,NATGASCM,OTHOECD,YTD2022,40507.614
OECDEUR,ENTRIES,NATGASCM,QATAR,2020,29847.076
OECDEUR,ENTRIES,NATGASCM,QATAR,2021,22447.666
OECDEUR,ENTRIES,NATGASCM,QATAR,3Q2022,10315.185
OECDEUR,ENTRIES,NATGASCM,QATAR,Nov-21,2327.417
OECDEUR,ENTRIES,NATGASCM,QATAR,Nov-22,3179.087
OECDEUR,ENTRIES,NATGASCM,QATAR,YTD2021,20799.312
OECDEUR,ENTRIES,NATGASCM,QATAR,YTD2022,30708.837
OECDEUR,ENTRIES,NATGASCM,RUSSIA,2020,93659.423
OECDEUR,ENTRIES,NATGASCM,RUSSIA,2021,104304.741
OECDEUR,ENTRIES,NATGASCM,RUSSIA,3Q2022,10914.055
OECDEUR,ENTRIES,NATGASCM,RUSSIA,Nov-21,8357.306
OECDEUR,ENTRIES,NATGASCM,RUSSIA,Nov-22,2015.12
OECDEUR,ENTRIES,NATGASCM,RUSSIA,YTD2021,95092.643
OECDEUR,ENTRIES,NATGASCM,RUSSIA,YTD2022,65463.844
OECDEUR,ENTRIES,NATGASCM,SLOVAKIA,2020,39472.335
OECDEUR,ENTRIES,NATGASCM,SLOVAKIA,2021,36453.746
OECDEUR,ENTRIES,NATGASCM,SLOVAKIA,3Q2022,3541.083
OECDEUR,ENTRIES,NATGASCM,SLOVAKIA,Nov-21,2911.361
OECDEUR,ENTRIES,NATGASCM,SLOVAKIA,Nov-22,955.782
OECDEUR,ENTRIES,NATGASCM,SLOVAKIA,YTD2021,33165.602
OECDEUR,ENTRIES,NATGASCM,SLOVAKIA,YTD2022,17718.615
OECDEUR,ENTRIES,NATGASCM,SWITLAND,2020,8600
OECDEUR,ENTRIES,NATGASCM,SWITLAND,2021,2197.315
OECDEUR,ENTRIES,NATGASCM,SWITLAND,3Q2022,2913.541
OECDEUR,ENTRIES,NATGASCM,SWITLAND,Nov-21,106
OECDEUR,ENTRIES,NATGASCM,SWITLAND,Nov-22,712.806
OECDEUR,ENTRIES,NATGASCM,SWITLAND,YTD2021,1557.034
OECDEUR,ENTRIES,NATGASCM,SWITLAND,YTD2022,8460.082
OECDEUR,ENTRIES,NATGASCM,TOTENTST,2020,733135.844
OECDEUR,ENTRIES,NATGASCM,TOTENTST,2021,737248.147
OECDEUR,ENTRIES,NATGASCM,TOTENTST,3Q2022,156925.246
OECDEUR,ENTRIES,NATGASCM,TOTENTST,Nov-21,59162.02
OECDEUR,ENTRIES,NATGASCM,TOTENTST,Nov-22,51017.935
OECDEUR,ENTRIES,NATGASCM,TOTENTST,YTD2021,671637.119
OECDEUR,ENTRIES,NATGASCM,TOTENTST,YTD2022,639827.504
OECDEUR,ENTRIES,NATGASCM,TUNISIA,2020,12026
OECDEUR,ENTRIES,NATGASCM,TUNISIA,2021,21169
OECDEUR,ENTRIES,NATGASCM,TUNISIA,3Q2022,5803
OECDEUR,ENTRIES,NATGASCM,TUNISIA,Nov-21,1923
OECDEUR,ENTRIES,NATGASCM,TUNISIA,Nov-22,1920
OECDEUR,ENTRIES,NATGASCM,TUNISIA,YTD2021,19226
OECDEUR,ENTRIES,NATGASCM,TUNISIA,YTD2022,21253.3
OECDEUR,ENTRIES,NATGASCM,UK,2020,10018.819
OECDEUR,ENTRIES,NATGASCM,UK,2021,7662.281
OECDEUR,ENTRIES,NATGASCM,UK,3Q2022,7602.465
OECDEUR,ENTRIES,NATGASCM,UK,Nov-21,784.397
OECDEUR,ENTRIES,NATGASCM,UK,Nov-22,1589.835
OECDEUR,ENTRIES,NATGASCM,UK,YTD2021,6901.129
OECDEUR,ENTRIES,NATGASCM,UK,YTD2022,22758.242
OECDEUR,ENTRIES,NATGASCM,UKRAINE,2020,44177.309
OECDEUR,ENTRIES,NATGASCM,UKRAINE,2021,37559.414
OECDEUR,ENTRIES,NATGASCM,UKRAINE,3Q2022,3326.061
OECDEUR,ENTRIES,NATGASCM,UKRAINE,Nov-21,3220.585
OECDEUR,ENTRIES,NATGASCM,UKRAINE,Nov-22,1136.642
OECDEUR,ENTRIES,NATGASCM,UKRAINE,YTD2021,34439.604
OECDEUR,ENTRIES,NATGASCM,UKRAINE,YTD2022,16074.447
OECDEUR,ENTRIES,NATGASCM,USA,2020,21844.703
OECDEUR,ENTRIES,NATGASCM,USA,2021,23077.955
OECDEUR,ENTRIES,NATGASCM,USA,3Q2022,9330.652
OECDEUR,ENTRIES,NATGASCM,USA,Nov-21,2529.946
OECDEUR,ENTRIES,NATGASCM,USA,Nov-22,4194.095
OECDEUR,ENTRIES,NATGASCM,USA,YTD2021,19468.868
OECDEUR,ENTRIES,NATGASCM,USA,YTD2022,48046.327
OECDTOT,ENTRIES,NATGASCM,ALGERIA,2020,22710.13
OECDTOT,ENTRIES,NATGASCM,ALGERIA,2021,27429.777
OECDTOT,ENTRIES,NATGASCM,ALGERIA,3Q2022,7975.349
OECDTOT,ENTRIES,NATGASCM,ALGERIA,Nov-21,2610.802
OECDTOT,ENTRIES,NATGASCM,ALGERIA,Nov-22,3250.232
OECDTOT,ENTRIES,NATGASCM,ALGERIA,YTD2021,25006.316
OECDTOT,ENTRIES,NATGASCM,ALGERIA,YTD2022,33567.543
OECDTOT,ENTRIES,NATGASCM,AUSTRALI,2020,52200.219
OECDTOT,ENTRIES,NATGASCM,AUSTRALI,2021,48178.042
OECDTOT,ENTRIES,NATGASCM,AUSTRALI,3Q2022,13592.517
OECDTOT,ENTRIES,NATGASCM,AUSTRALI,Nov-21,3834.099
OECDTOT,ENTRIES,NATGASCM,AUSTRALI,Nov-22,4899.183
OECDTOT,ENTRIES,NATGASCM,AUSTRALI,YTD2021,43497.105
OECDTOT,ENTRIES,NATGASCM,AUSTRALI,YTD2022,51732.259
OECDTOT,ENTRIES,NATGASCM,BELARUS,2020,36619.545
OECDTOT,ENTRIES,NATGASCM,BELARUS,2021,33429.17
OECDTOT,ENTRIES,NATGASCM,BELARUS,3Q2022,322.2
OECDTOT,ENTRIES,NATGASCM,BELARUS,Nov-21,1501.773
OECDTOT,ENTRIES,NATGASCM,BELARUS,Nov-22,173.4
OECDTOT,ENTRIES,NATGASCM,BELARUS,YTD2021,31788.284
OECDTOT,ENTRIES,NATGASCM,BELARUS,YTD2022,4629.236
OECDTOT,ENTRIES,NATGASCM,BELGIUM,2020,20435.47
OECDTOT,ENTRIES,NATGASCM,BELGIUM,2021,19602.661
OECDTOT,ENTRIES,NATGASCM,BELGIUM,3Q2022,12864.967
OECDTOT,ENTRIES,NATGASCM,BELGIUM,Nov-21,1297.094
OECDTOT,ENTRIES,NATGASCM,BELGIUM,Nov-22,3406.49
OECDTOT,ENTRIES,NATGASCM,BELGIUM,YTD2021,17978.102
OECDTOT,ENTRIES,NATGASCM,BELGIUM,YTD2022,39535.831
OECDTOT,ENTRIES,NATGASCM,BULGARIA,2020,2393.769
OECDTOT,ENTRIES,NATGASCM,BULGARIA,2021,2604.046
OECDTOT,ENTRIES,NATGASCM,BULGARIA,3Q2022,108.148
OECDTOT,ENTRIES,NATGASCM,BULGARIA,Nov-21,210.562
OECDTOT,ENTRIES,NATGASCM,BULGARIA,Nov-22,3.486
OECDTOT,ENTRIES,NATGASCM,BULGARIA,YTD2021,2397.168
OECDTOT,ENTRIES,NATGASCM,BULGARIA,YTD2022,750.837
OECDTOT,ENTRIES,NATGASCM,CANADA,2020,70799
OECDTOT,ENTRIES,NATGASCM,CANADA,2021,78859
OECDTOT,ENTRIES,NATGASCM,CANADA,3Q2022,20400
OECDTOT,ENTRIES,NATGASCM,CANADA,Nov-21,6814
OECDTOT,ENTRIES,NATGASCM,CANADA,Nov-22,6891
OECDTOT,ENTRIES,NATGASCM,CANADA,YTD2021,71753
OECDTOT,ENTRIES,NATGASCM,CANADA,YTD2022,76576
OECDTOT,ENTRIES,NATGASCM,FRANCE,2020,10600.766
OECDTOT,ENTRIES,NATGASCM,FRANCE,2021,6867.119
OECDTOT,ENTRIES,NATGASCM,FRANCE,3Q2022,4654.778
OECDTOT,ENTRIES,NATGASCM,FRANCE,Nov-21,776.587
OECDTOT,ENTRIES,NATGASCM,FRANCE,Nov-22,1662.269
OECDTOT,ENTRIES,NATGASCM,FRANCE,YTD2021,5856.462
OECDTOT,ENTRIES,NATGASCM,FRANCE,YTD2022,15053.357
OECDTOT,ENTRIES,NATGASCM,GERMANY,2020,82556.273
OECDTOT,ENTRIES,NATGASCM,GERMANY,2021,77869.647
OECDTOT,ENTRIES,NATGASCM,GERMANY,3Q2022,11287.708
OECDTOT,ENTRIES,NATGASCM,GERMANY,Nov-21,5533.19
OECDTOT,ENTRIES,NATGASCM,GERMANY,Nov-22,2463.298
OECDTOT,ENTRIES,NATGASCM,GERMANY,YTD2021,71819.506
OECDTOT,ENTRIES,NATGASCM,GERMANY,YTD2022,54150.99
OECDTOT,ENTRIES,NATGASCM,INDONESIA,2020,6844.815
OECDTOT,ENTRIES,NATGASCM,INDONESIA,2021,5469.735
OECDTOT,ENTRIES,NATGASCM,INDONESIA,3Q2022,1591.531
OECDTOT,ENTRIES,NATGASCM,INDONESIA,Nov-21,489.781
OECDTOT,ENTRIES,NATGASCM,INDONESIA,Nov-22,654.266
OECDTOT,ENTRIES,NATGASCM,INDONESIA,YTD2021,4775.345
OECDTOT,ENTRIES,NATGASCM,INDONESIA,YTD2022,6627.775
OECDTOT,ENTRIES,NATGASCM,MALAYSIA,2020,21783.527
OECDTOT,ENTRIES,NATGASCM,MALAYSIA,2021,18614.455
OECDTOT,ENTRIES,NATGASCM,MALAYSIA,3Q2022,6036.684
OECDTOT,ENTRIES,NATGASCM,MALAYSIA,Nov-21,1626.718
OECDTOT,ENTRIES,NATGASCM,MALAYSIA,Nov-22,2047.41
OECDTOT,ENTRIES,NATGASCM,MALAYSIA,YTD2021,17084.223
OECDTOT,ENTRIES,NATGASCM,MALAYSIA,YTD2022,21296.853
OECDTOT,ENTRIES,NATGASCM,NIGERIA,2020,20421.462
OECDTOT,ENTRIES,NATGASCM,NIGERIA,2021,17091.037
OECDTOT,ENTRIES,NATGASCM,NIGERIA,3Q2022,3568.112
OECDTOT,ENTRIES,NATGASCM,NIGERIA,Nov-21,621.843
OECDTOT,ENTRIES,NATGASCM,NIGERIA,Nov-22,1545.117
OECDTOT,ENTRIES,NATGASCM,NIGERIA,YTD2021,15508.656
OECDTOT,ENTRIES,NATGASCM,NIGERIA,YTD2022,15159.722
OECDTOT,ENTRIES,NATGASCM,NORWAY,2020,112060.01
OECDTOT,ENTRIES,NATGASCM,NORWAY,2021,118595.72
OECDTOT,ENTRIES,NATGASCM,NORWAY,3Q2022,30212.672
OECDTOT,ENTRIES,NATGASCM,NORWAY,Nov-21,10721.009
OECDTOT,ENTRIES,NATGASCM,NORWAY,Nov-22,10295.243
OECDTOT,ENTRIES,NATGASCM,NORWAY,YTD2021,107229.592
OECDTOT,ENTRIES,NATGASCM,NORWAY,YTD2022,112950.261
OECDTOT,ENTRIES,NATGASCM,OMAN,2020,9031.537
OECDTOT,ENTRIES,NATGASCM,OMAN,2021,8533.183
OECDTOT,ENTRIES,NATGASCM,OMAN,3Q2022,2177.286
OECDTOT,ENTRIES,NATGASCM,OMAN,Nov-21,564.313
OECDTOT,ENTRIES,NATGASCM,OMAN,Nov-22,1096.713
OECDTOT,ENTRIES,NATGASCM,OMAN,YTD2021,7709.737
OECDTOT,ENTRIES,NATGASCM,OMAN,YTD2022,9765.405
OECDTOT,ENTRIES,NATGASCM,OTHENT,2020,63260.064
OECDTOT,ENTRIES,NATGASCM,OTHENT,2021,64997.736
OECDTOT,ENTRIES,NATGASCM,OTHENT,3Q2022,19584.379
OECDTOT,ENTRIES,NATGASCM,OTHENT,Nov-21,6043.299
OECDTOT,ENTRIES,NATGASCM,OTHENT,Nov-22,7515.849
OECDTOT,ENTRIES,NATGASCM,OTHENT,YTD2021,58474.867
OECDTOT,ENTRIES,NATGASCM,OTHENT,YTD2022,71598.734
OECDTOT,ENTRIES,NATGASCM,OTHOECD,2020,66018.72
OECDTOT,ENTRIES,NATGASCM,OTHOECD,2021,75503.9
OECDTOT,ENTRIES,NATGASCM,OTHOECD,3Q2022,8089.659
OECDTOT,ENTRIES,NATGASCM,OTHOECD,Nov-21,4489.126
OECDTOT,ENTRIES,NATGASCM,OTHOECD,Nov-22,3206.255
OECDTOT,ENTRIES,NATGASCM,OTHOECD,YTD2021,71020.847
OECDTOT,ENTRIES,NATGASCM,OTHOECD,YTD2022,40535.614
OECDTOT,ENTRIES,NATGASCM,QATAR,2020,54764.64
OECDTOT,ENTRIES,NATGASCM,QATAR,2021,49670.765
OECDTOT,ENTRIES,NATGASCM,QATAR,3Q2022,14175.177
OECDTOT,ENTRIES,NATGASCM,QATAR,Nov-21,4544.727
OECDTOT,ENTRIES,NATGASCM,QATAR,Nov-22,4274.877
OECDTOT,ENTRIES,NATGASCM,QATAR,YTD2021,45574.321
OECDTOT,ENTRIES,NATGASCM,QATAR,YTD2022,45625.785
OECDTOT,ENTRIES,NATGASCM,RUSSIA,2020,105098.523
OECDTOT,ENTRIES,NATGASCM,RUSSIA,2021,116225.354
OECDTOT,ENTRIES,NATGASCM,RUSSIA,3Q2022,13200.465
OECDTOT,ENTRIES,NATGASCM,RUSSIA,Nov-21,9652.695
OECDTOT,ENTRIES,NATGASCM,RUSSIA,Nov-22,2860.029
OECDTOT,ENTRIES,NATGASCM,RUSSIA,YTD2021,105819.137
OECDTOT,ENTRIES,NATGASCM,RUSSIA,YTD2022,75977.61
OECDTOT,ENTRIES,NATGASCM,SLOVAKIA,2020,39472.335
OECDTOT,ENTRIES,NATGASCM,SLOVAKIA,2021,36453.746
OECDTOT,ENTRIES,NATGASCM,SLOVAKIA,3Q2022,3541.083
OECDTOT,ENTRIES,NATGASCM,SLOVAKIA,Nov-21,2911.361
OECDTOT,ENTRIES,NATGASCM,SLOVAKIA,Nov-22,955.782
OECDTOT,ENTRIES,NATGASCM,SLOVAKIA,YTD2021,33165.602
OECDTOT,ENTRIES,NATGASCM,SLOVAKIA,YTD2022,17718.615
OECDTOT,ENTRIES,NATGASCM,SWITLAND,2020,8600
OECDTOT,ENTRIES,NATGASCM,SWITLAND,2021,2197.315
OECDTOT,ENTRIES,NATGASCM,SWITLAND,3Q2022,2913.541
OECDTOT,ENTRIES,NATGASCM,SWITLAND,Nov-21,106
OECDTOT,ENTRIES,NATGASCM,SWITLAND,Nov-22,712.806
OECDTOT,ENTRIES,NATGASCM,SWITLAND,YTD2021,1557.034
OECDTOT,ENTRIES,NATGASCM,SWITLAND,YTD2022,8460.082
OECDTOT,ENTRIES,NATGASCM,TOTENTST,2020,1010844.374
OECDTOT,ENTRIES,NATGASCM,TOTENTST,2021,1020752.356
OECDTOT,ENTRIES,NATGASCM,TOTENTST,3Q2022,224016.27
OECDTOT,ENTRIES,NATGASCM,TOTENTST,Nov-21,82020.583
OECDTOT,ENTRIES,NATGASCM,TOTENTST,Nov-22,74013.232
OECDTOT,ENTRIES,NATGASCM,TOTENTST,YTD2021,928734.234
OECDTOT,ENTRIES,NATGASCM,TOTENTST,YTD2022,894630.481
OECDTOT,ENTRIES,NATGASCM,TUNISIA,2020,12026
OECDTOT,ENTRIES,NATGASCM,TUNISIA,2021,21169
OECDTOT,ENTRIES,NATGASCM,TUNISIA,3Q2022,5803
OECDTOT,ENTRIES,NATGASCM,TUNISIA,Nov-21,1923
OECDTOT,ENTRIES,NATGASCM,TUNISIA,Nov-22,1920
OECDTOT,ENTRIES,NATGASCM,TUNISIA,YTD2021,19226
OECDTOT,ENTRIES,NATGASCM,TUNISIA,YTD2022,21253.3
OECDTOT,ENTRIES,NATGASCM,UK,2020,10018.819
OECDTOT,ENTRIES,NATGASCM,UK,2021,7662.281
OECDTOT,ENTRIES,NATGASCM,UK,3Q2022,7602.465
OECDTOT,ENTRIES,NATGASCM,UK,Nov-21,784.397
OECDTOT,ENTRIES,NATGASCM,UK,Nov-22,1589.835
OECDTOT,ENTRIES,NATGASCM,UK,YTD2021,6901.129
OECDTOT,ENTRIES,NATGASCM,UK,YTD2022,22758.242
OECDTOT,ENTRIES,NATGASCM,UKRAINE,2020,44177.309
OECDTOT,ENTRIES,NATGASCM,UKRAINE,2021,37559.414
OECDTOT,ENTRIES,NATGASCM,UKRAINE,3Q2022,3326.061
OECDTOT,ENTRIES,NATGASCM,UKRAINE,Nov-21,3220.585
OECDTOT,ENTRIES,NATGASCM,UKRAINE,Nov-22,1136.642
OECDTOT,ENTRIES,NATGASCM,UKRAINE,YTD2021,34439.604
OECDTOT,ENTRIES,NATGASCM,UKRAINE,YTD2022,16074.447
OECDTOT,ENTRIES,NATGASCM,USA,2020,70484.409
OECDTOT,ENTRIES,NATGASCM,USA,2021,79698.002
OECDTOT,ENTRIES,NATGASCM,USA,3Q2022,19881.551
OECDTOT,ENTRIES,NATGASCM,USA,Nov-21,6455.938
OECDTOT,ENTRIES,NATGASCM,USA,Nov-22,7740.053
OECDTOT,ENTRIES,NATGASCM,USA,YTD2021,70622.998
OECDTOT,ENTRIES,NATGASCM,USA,YTD2022,87385.008
OECDAM,EXITS,NATGASCM,BELGIUM,2020,904
OECDAM,EXITS,NATGASCM,BELGIUM,2021,158
OECDAM,EXITS,NATGASCM,BELGIUM,3Q2022,362
OECDAM,EXITS,NATGASCM,BELGIUM,YTD2021,158
OECDAM,EXITS,NATGASCM,BELGIUM,YTD2022,2180
OECDAM,EXITS,NATGASCM,CANADA,2020,25597
OECDAM,EXITS,NATGASCM,CANADA,2021,26545
OECDAM,EXITS,NATGASCM,CANADA,3Q2022,5793
OECDAM,EXITS,NATGASCM,CANADA,Nov-21,2411
OECDAM,EXITS,NATGASCM,CANADA,Nov-22,2554
OECDAM,EXITS,NATGASCM,CANADA,YTD2021,23470
OECDAM,EXITS,NATGASCM,CANADA,YTD2022,24173
OECDAM,EXITS,NATGASCM,FRANCE,2020,2555
OECDAM,EXITS,NATGASCM,FRANCE,2021,4837
OECDAM,EXITS,NATGASCM,FRANCE,3Q2022,4114
OECDAM,EXITS,NATGASCM,FRANCE,Nov-21,284
OECDAM,EXITS,NATGASCM,FRANCE,Nov-22,1434
OECDAM,EXITS,NATGASCM,FRANCE,YTD2021,3877
OECDAM,EXITS,NATGASCM,FRANCE,YTD2022,15095
OECDAM,EXITS,NATGASCM,ITALY,2020,1940
OECDAM,EXITS,NATGASCM,ITALY,2021,968
OECDAM,EXITS,NATGASCM,ITALY,3Q2022,956
OECDAM,EXITS,NATGASCM,ITALY,Nov-22,91
OECDAM,EXITS,NATGASCM,ITALY,YTD2021,968
OECDAM,EXITS,NATGASCM,ITALY,YTD2022,3088
OECDAM,EXITS,NATGASCM,JAPAN,2020,8158
OECDAM,EXITS,NATGASCM,JAPAN,2021,10052
OECDAM,EXITS,NATGASCM,JAPAN,3Q2022,1284
OECDAM,EXITS,NATGASCM,JAPAN,Nov-21,961
OECDAM,EXITS,NATGASCM,JAPAN,Nov-22,691
OECDAM,EXITS,NATGASCM,JAPAN,YTD2021,9364
OECDAM,EXITS,NATGASCM,JAPAN,YTD2022,5344
OECDAM,EXITS,NATGASCM,MEXICO,2020,57371
OECDAM,EXITS,NATGASCM,MEXICO,2021,61473
OECDAM,EXITS,NATGASCM,MEXICO,3Q2022,15256
OECDAM,EXITS,NATGASCM,MEXICO,Nov-21,4690
OECDAM,EXITS,NATGASCM,MEXICO,Nov-22,4563
OECDAM,EXITS,NATGASCM,MEXICO,YTD2021,56741
OECDAM,EXITS,NATGASCM,MEXICO,YTD2022,54379
OECDAM,EXITS,NATGASCM,NETHLAND,2020,2423
OECDAM,EXITS,NATGASCM,NETHLAND,2021,4936
OECDAM,EXITS,NATGASCM,NETHLAND,3Q2022,3216
OECDAM,EXITS,NATGASCM,NETHLAND,Nov-21,250
OECDAM,EXITS,NATGASCM,NETHLAND,Nov-22,585
OECDAM,EXITS,NATGASCM,NETHLAND,YTD2021,4275
OECDAM,EXITS,NATGASCM,NETHLAND,YTD2022,9584
OECDAM,EXITS,NATGASCM,OTHEXT,2020,21014.72
OECDAM,EXITS,NATGASCM,OTHEXT,2021,40448.219
OECDAM,EXITS,NATGASCM,OTHEXT,3Q2022,5127
OECDAM,EXITS,NATGASCM,OTHEXT,Nov-21,2798
OECDAM,EXITS,NATGASCM,OTHEXT,Nov-22,1235.241
OECDAM,EXITS,NATGASCM,OTHEXT,YTD2021,38491.219
OECDAM,EXITS,NATGASCM,OTHEXT,YTD2022,19973.241
OECDAM,EXITS,NATGASCM,OTHOECD,2020,25146
OECDAM,EXITS,NATGASCM,OTHOECD,2021,33439
OECDAM,EXITS,NATGASCM,OTHOECD,3Q2022,8138
OECDAM,EXITS,NATGASCM,OTHOECD,Nov-21,3510
OECDAM,EXITS,NATGASCM,OTHOECD,Nov-22,2358
OECDAM,EXITS,NATGASCM,OTHOECD,YTD2021,29637
OECDAM,EXITS,NATGASCM,OTHOECD,YTD2022,33246
OECDAM,EXITS,NATGASCM,TOTEXTST,2020,220582.912
OECDAM,EXITS,NATGASCM,TOTEXTST,2021,267948.218
OECDAM,EXITS,NATGASCM,TOTEXTST,3Q2022,66816.243
OECDAM,EXITS,NATGASCM,TOTEXTST,Nov-21,22842.708
OECDAM,EXITS,NATGASCM,TOTEXTST,Nov-22,22647.858
OECDAM,EXITS,NATGASCM,TOTEXTST,YTD2021,243282.841
OECDAM,EXITS,NATGASCM,TOTEXTST,YTD2022,256096.14
OECDAM,EXITS,NATGASCM,UK,2020,4537
OECDAM,EXITS,NATGASCM,UK,2021,5523
OECDAM,EXITS,NATGASCM,UK,3Q2022,2167
OECDAM,EXITS,NATGASCM,UK,Nov-21,868
OECDAM,EXITS,NATGASCM,UK,Nov-22,2172
OECDAM,EXITS,NATGASCM,UK,YTD2021,3815
OECDAM,EXITS,NATGASCM,UK,YTD2022,11188
OECDAM,EXITS,NATGASCM,USA,2020,70937.192
OECDAM,EXITS,NATGASCM,USA,2021,79568.999
OECDAM,EXITS,NATGASCM,USA,3Q2022,20403.243
OECDAM,EXITS,NATGASCM,USA,Nov-21,7070.708
OECDAM,EXITS,NATGASCM,USA,Nov-22,6964.617
OECDAM,EXITS,NATGASCM,USA,YTD2021,72486.622
OECDAM,EXITS,NATGASCM,USA,YTD2022,77845.899
OECDAO,EXITS,NATGASCM,JAPAN,2020,41930.601
OECDAO,EXITS,NATGASCM,JAPAN,2021,37655.158
OECDAO,EXITS,NATGASCM,JAPAN,3Q2022,9810
OECDAO,EXITS,NATGASCM,JAPAN,Nov-21,2640.52
OECDAO,EXITS,NATGASCM,JAPAN,Nov-22,3075
OECDAO,EXITS,NATGASCM,JAPAN,YTD2021,34326.546
OECDAO,EXITS,NATGASCM,JAPAN,YTD2022,37426.115
OECDAO,EXITS,NATGASCM,OTHEXT,2020,53969.399
OECDAO,EXITS,NATGASCM,OTHEXT,2021,62696.842
OECDAO,EXITS,NATGASCM,OTHEXT,3Q2022,13712
OECDAO,EXITS,NATGASCM,OTHEXT,Nov-21,6011.48
OECDAO,EXITS,NATGASCM,OTHEXT,Nov-22,4817
OECDAO,EXITS,NATGASCM,OTHEXT,YTD2021,57397.454
OECDAO,EXITS,NATGASCM,OTHEXT,YTD2022,52402.885
OECDAO,EXITS,NATGASCM,OTHOECD,2020,10122
OECDAO,EXITS,NATGASCM,OTHOECD,2021,12487
OECDAO,EXITS,NATGASCM,OTHOECD,3Q2022,3711
OECDAO,EXITS,NATGASCM,OTHOECD,Nov-21,1126
OECDAO,EXITS,NATGASCM,OTHOECD,Nov-22,1664
OECDAO,EXITS,NATGASCM,OTHOECD,YTD2021,11350
OECDAO,EXITS,NATGASCM,OTHOECD,YTD2022,13928
OECDAO,EXITS,NATGASCM,TOTEXTST,2020,106022
OECDAO,EXITS,NATGASCM,TOTEXTST,2021,112839
OECDAO,EXITS,NATGASCM,TOTEXTST,3Q2022,27233
OECDAO,EXITS,NATGASCM,TOTEXTST,Nov-21,9778
OECDAO,EXITS,NATGASCM,TOTEXTST,Nov-22,9556
OECDAO,EXITS,NATGASCM,TOTEXTST,YTD2021,103074
OECDAO,EXITS,NATGASCM,TOTEXTST,YTD2022,103757
OECDEUR,EXITS,NATGASCM,AUSTRIA,2020,43536.759
OECDEUR,EXITS,NATGASCM,AUSTRIA,2021,40426.487
OECDEUR,EXITS,NATGASCM,AUSTRIA,3Q2022,6649.212
OECDEUR,EXITS,NATGASCM,AUSTRIA,Nov-21,3055.824
OECDEUR,EXITS,NATGASCM,AUSTRIA,Nov-22,1671.377
OECDEUR,EXITS,NATGASCM,AUSTRIA,YTD2021,36757.135
OECDEUR,EXITS,NATGASCM,AUSTRIA,YTD2022,28203.011
OECDEUR,EXITS,NATGASCM,BELGIUM,2020,33907.342
OECDEUR,EXITS,NATGASCM,BELGIUM,2021,33141.158
OECDEUR,EXITS,NATGASCM,BELGIUM,3Q2022,12266.857
OECDEUR,EXITS,NATGASCM,BELGIUM,Nov-21,2559.95
OECDEUR,EXITS,NATGASCM,BELGIUM,Nov-22,3493.841
OECDEUR,EXITS,NATGASCM,BELGIUM,YTD2021,29754.397
OECDEUR,EXITS,NATGASCM,BELGIUM,YTD2022,41238.748
OECDEUR,EXITS,NATGASCM,CZECH,2020,42560.231
OECDEUR,EXITS,NATGASCM,CZECH,2021,46507.974
OECDEUR,EXITS,NATGASCM,CZECH,3Q2022,4275.205
OECDEUR,EXITS,NATGASCM,CZECH,Nov-21,3125.218
OECDEUR,EXITS,NATGASCM,CZECH,Nov-22,988.524
OECDEUR,EXITS,NATGASCM,CZECH,YTD2021,43543.881
OECDEUR,EXITS,NATGASCM,CZECH,YTD2022,27102.08
OECDEUR,EXITS,NATGASCM,FRANCE,2020,32982.536
OECDEUR,EXITS,NATGASCM,FRANCE,2021,32283.843
OECDEUR,EXITS,NATGASCM,FRANCE,3Q2022,6721.125
OECDEUR,EXITS,NATGASCM,FRANCE,Nov-21,2303.139
OECDEUR,EXITS,NATGASCM,FRANCE,Nov-22,2137.576
OECDEUR,EXITS,NATGASCM,FRANCE,YTD2021,29381.483
OECDEUR,EXITS,NATGASCM,FRANCE,YTD2022,24596.415
OECDEUR,EXITS,NATGASCM,GERMANY,2020,124442.753
OECDEUR,EXITS,NATGASCM,GERMANY,2021,127889.874
OECDEUR,EXITS,NATGASCM,GERMANY,3Q2022,29769.461
OECDEUR,EXITS,NATGASCM,GERMANY,Nov-21,10037.134
OECDEUR,EXITS,NATGASCM,GERMANY,Nov-22,10043.434
OECDEUR,EXITS,NATGASCM,GERMANY,YTD2021,117595.042
OECDEUR,EXITS,NATGASCM,GERMANY,YTD2022,113814.187
OECDEUR,EXITS,NATGASCM,ITALY,2020,36308.458
OECDEUR,EXITS,NATGASCM,ITALY,2021,29762.395
OECDEUR,EXITS,NATGASCM,ITALY,3Q2022,5126.68
OECDEUR,EXITS,NATGASCM,ITALY,Nov-21,2090.266
OECDEUR,EXITS,NATGASCM,ITALY,Nov-22,445.319
OECDEUR,EXITS,NATGASCM,ITALY,YTD2021,26477.287
OECDEUR,EXITS,NATGASCM,ITALY,YTD2022,17675.975
OECDEUR,EXITS,NATGASCM,JAPAN,YTD2022,96.3
OECDEUR,EXITS,NATGASCM,NETHLAND,2020,23893.085
OECDEUR,EXITS,NATGASCM,NETHLAND,2021,16900.932
OECDEUR,EXITS,NATGASCM,NETHLAND,3Q2022,6778.008
OECDEUR,EXITS,NATGASCM,NETHLAND,Nov-21,1657.411
OECDEUR,EXITS,NATGASCM,NETHLAND,Nov-22,1752.797
OECDEUR,EXITS,NATGASCM,NETHLAND,YTD2021,15972.327
OECDEUR,EXITS,NATGASCM,NETHLAND,YTD2022,20454.195
OECDEUR,EXITS,NATGASCM,OTHEXT,2020,22372.059
OECDEUR,EXITS,NATGASCM,OTHEXT,2021,16237.013
OECDEUR,EXITS,NATGASCM,OTHEXT,3Q2022,3921.07
OECDEUR,EXITS,NATGASCM,OTHEXT,Nov-21,1646.55
OECDEUR,EXITS,NATGASCM,OTHEXT,Nov-22,2330.291
OECDEUR,EXITS,NATGASCM,OTHEXT,YTD2021,14608.403
OECDEUR,EXITS,NATGASCM,OTHEXT,YTD2022,19101.913
OECDEUR,EXITS,NATGASCM,OTHOECD,2020,53685.552
OECDEUR,EXITS,NATGASCM,OTHOECD,2021,35847.713
OECDEUR,EXITS,NATGASCM,OTHOECD,3Q2022,10297.248
OECDEUR,EXITS,NATGASCM,OTHOECD,Nov-21,2918.323
OECDEUR,EXITS,NATGASCM,OTHOECD,Nov-22,3921.52
OECDEUR,EXITS,NATGASCM,OTHOECD,YTD2021,32241.739
OECDEUR,EXITS,NATGASCM,OTHOECD,YTD2022,42995.067
OECDEUR,EXITS,NATGASCM,TOTEXTST,2020,441722.997
OECDEUR,EXITS,NATGASCM,TOTEXTST,2021,413730.63
OECDEUR,EXITS,NATGASCM,TOTEXTST,3Q2022,91725.999
OECDEUR,EXITS,NATGASCM,TOTEXTST,Nov-21,32522.01
OECDEUR,EXITS,NATGASCM,TOTEXTST,Nov-22,28934.678
OECDEUR,EXITS,NATGASCM,TOTEXTST,YTD2021,377391.404
OECDEUR,EXITS,NATGASCM,TOTEXTST,YTD2022,359823.614
OECDEUR,EXITS,NATGASCM,UK,2020,27948.222
OECDEUR,EXITS,NATGASCM,UK,2021,34646.345
OECDEUR,EXITS,NATGASCM,UK,3Q2022,5919.575
OECDEUR,EXITS,NATGASCM,UK,Nov-21,3128.195
OECDEUR,EXITS,NATGASCM,UK,Nov-22,2149.999
OECDEUR,EXITS,NATGASCM,UK,YTD2021,30972.814
OECDEUR,EXITS,NATGASCM,UK,YTD2022,24539.528
OECDEUR,EXITS,NATGASCM,USA,2020,86
OECDEUR,EXITS,NATGASCM,USA,2021,86.896
OECDEUR,EXITS,NATGASCM,USA,3Q2022,1.558
OECDEUR,EXITS,NATGASCM,USA,YTD2021,86.896
OECDEUR,EXITS,NATGASCM,USA,YTD2022,6.195
OECDTOT,EXITS,NATGASCM,AUSTRIA,2020,43536.759
OECDTOT,EXITS,NATGASCM,AUSTRIA,2021,40426.487
OECDTOT,EXITS,NATGASCM,AUSTRIA,3Q2022,6649.212
OECDTOT,EXITS,NATGASCM,AUSTRIA,Nov-21,3055.824
OECDTOT,EXITS,NATGASCM,AUSTRIA,Nov-22,1671.377
OECDTOT,EXITS,NATGASCM,AUSTRIA,YTD2021,36757.135
OECDTOT,EXITS,NATGASCM,AUSTRIA,YTD2022,28203.011
OECDTOT,EXITS,NATGASCM,BELGIUM,2020,34811.342
OECDTOT,EXITS,NATGASCM,BELGIUM,2021,33299.158
OECDTOT,EXITS,NATGASCM,BELGIUM,3Q2022,12628.857
OECDTOT,EXITS,NATGASCM,BELGIUM,Nov-21,2559.95
OECDTOT,EXITS,NATGASCM,BELGIUM,Nov-22,3493.841
OECDTOT,EXITS,NATGASCM,BELGIUM,YTD2021,29912.397
OECDTOT,EXITS,NATGASCM,BELGIUM,YTD2022,43418.748
OECDTOT,EXITS,NATGASCM,CANADA,2020,25597
OECDTOT,EXITS,NATGASCM,CANADA,2021,26545
OECDTOT,EXITS,NATGASCM,CANADA,3Q2022,5793
OECDTOT,EXITS,NATGASCM,CANADA,Nov-21,2411
OECDTOT,EXITS,NATGASCM,CANADA,Nov-22,2554
OECDTOT,EXITS,NATGASCM,CANADA,YTD2021,23470
OECDTOT,EXITS,NATGASCM,CANADA,YTD2022,24173
OECDTOT,EXITS,NATGASCM,CZECH,2020,42560.231
OECDTOT,EXITS,NATGASCM,CZECH,2021,46507.974
OECDTOT,EXITS,NATGASCM,CZECH,3Q2022,4275.205
OECDTOT,EXITS,NATGASCM,CZECH,Nov-21,3125.218
OECDTOT,EXITS,NATGASCM,CZECH,Nov-22,988.524
OECDTOT,EXITS,NATGASCM,CZECH,YTD2021,43543.881
OECDTOT,EXITS,NATGASCM,CZECH,YTD2022,27102.08
OECDTOT,EXITS,NATGASCM,FRANCE,2020,35537.536
OECDTOT,EXITS,NATGASCM,FRANCE,2021,37120.843
OECDTOT,EXITS,NATGASCM,FRANCE,3Q2022,10835.125
OECDTOT,EXITS,NATGASCM,FRANCE,Nov-21,2587.139
OECDTOT,EXITS,NATGASCM,FRANCE,Nov-22,3571.576
OECDTOT,EXITS,NATGASCM,FRANCE,YTD2021,33258.483
OECDTOT,EXITS,NATGASCM,FRANCE,YTD2022,39691.415
OECDTOT,EXITS,NATGASCM,GERMANY,2020,124442.753
OECDTOT,EXITS,NATGASCM,GERMANY,2021,127889.874
OECDTOT,EXITS,NATGASCM,GERMANY,3Q2022,29769.461
OECDTOT,EXITS,NATGASCM,GERMANY,Nov-21,10037.134
OECDTOT,EXITS,NATGASCM,GERMANY,Nov-22,10043.434
OECDTOT,EXITS,NATGASCM,GERMANY,YTD2021,117595.042
OECDTOT,EXITS,NATGASCM,GERMANY,YTD2022,113814.187
OECDTOT,EXITS,NATGASCM,ITALY,2020,38248.458
OECDTOT,EXITS,NATGASCM,ITALY,2021,30730.395
OECDTOT,EXITS,NATGASCM,ITALY,3Q2022,6082.68
OECDTOT,EXITS,NATGASCM,ITALY,Nov-21,2090.266
OECDTOT,EXITS,NATGASCM,ITALY,Nov-22,536.319
OECDTOT,EXITS,NATGASCM,ITALY,YTD2021,27445.287
OECDTOT,EXITS,NATGASCM,ITALY,YTD2022,20763.975
OECDTOT,EXITS,NATGASCM,JAPAN,2020,50088.601
OECDTOT,EXITS,NATGASCM,JAPAN,2021,47707.158
OECDTOT,EXITS,NATGASCM,JAPAN,3Q2022,11094
OECDTOT,EXITS,NATGASCM,JAPAN,Nov-21,3601.52
OECDTOT,EXITS,NATGASCM,JAPAN,Nov-22,3766
OECDTOT,EXITS,NATGASCM,JAPAN,YTD2021,43690.546
OECDTOT,EXITS,NATGASCM,JAPAN,YTD2022,42866.415
OECDTOT,EXITS,NATGASCM,MEXICO,2020,57371
OECDTOT,EXITS,NATGASCM,MEXICO,2021,61473
OECDTOT,EXITS,NATGASCM,MEXICO,3Q2022,15256
OECDTOT,EXITS,NATGASCM,MEXICO,Nov-21,4690
OECDTOT,EXITS,NATGASCM,MEXICO,Nov-22,4563
OECDTOT,EXITS,NATGASCM,MEXICO,YTD2021,56741
OECDTOT,EXITS,NATGASCM,MEXICO,YTD2022,54379
OECDTOT,EXITS,NATGASCM,NETHLAND,2020,26316.085
OECDTOT,EXITS,NATGASCM,NETHLAND,2021,21836.932
OECDTOT,EXITS,NATGASCM,NETHLAND,3Q2022,9994.008
OECDTOT,EXITS,NATGASCM,NETHLAND,Nov-21,1907.411
OECDTOT,EXITS,NATGASCM,NETHLAND,Nov-22,2337.797
OECDTOT,EXITS,NATGASCM,NETHLAND,YTD2021,20247.327
OECDTOT,EXITS,NATGASCM,NETHLAND,YTD2022,30038.195
OECDTOT,EXITS,NATGASCM,OTHEXT,2020,97356.178
OECDTOT,EXITS,NATGASCM,OTHEXT,2021,119382.074
OECDTOT,EXITS,NATGASCM,OTHEXT,3Q2022,22760.07
OECDTOT,EXITS,NATGASCM,OTHEXT,Nov-21,10456.03
OECDTOT,EXITS,NATGASCM,OTHEXT,Nov-22,8382.532
OECDTOT,EXITS,NATGASCM,OTHEXT,YTD2021,110497.076
OECDTOT,EXITS,NATGASCM,OTHEXT,YTD2022,91478.039
OECDTOT,EXITS,NATGASCM,OTHOECD,2020,88953.552
OECDTOT,EXITS,NATGASCM,OTHOECD,2021,81773.713
OECDTOT,EXITS,NATGASCM,OTHOECD,3Q2022,22146.248
OECDTOT,EXITS,NATGASCM,OTHOECD,Nov-21,7554.323
OECDTOT,EXITS,NATGASCM,OTHOECD,Nov-22,7943.52
OECDTOT,EXITS,NATGASCM,OTHOECD,YTD2021,73228.739
OECDTOT,EXITS,NATGASCM,OTHOECD,YTD2022,90169.067
OECDTOT,EXITS,NATGASCM,TOTEXTST,2020,768327.909
OECDTOT,EXITS,NATGASCM,TOTEXTST,2021,794517.848
OECDTOT,EXITS,NATGASCM,TOTEXTST,3Q2022,185775.242
OECDTOT,EXITS,NATGASCM,TOTEXTST,Nov-21,65142.718
OECDTOT,EXITS,NATGASCM,TOTEXTST,Nov-22,61138.536
OECDTOT,EXITS,NATGASCM,TOTEXTST,YTD2021,723748.245
OECDTOT,EXITS,NATGASCM,TOTEXTST,YTD2022,719676.754
OECDTOT,EXITS,NATGASCM,UK,2020,32485.222
OECDTOT,EXITS,NATGASCM,UK,2021,40169.345
OECDTOT,EXITS,NATGASCM,UK,3Q2022,8086.575
OECDTOT,EXITS,NATGASCM,UK,Nov-21,3996.195
OECDTOT,EXITS,NATGASCM,UK,Nov-22,4321.999
OECDTOT,EXITS,NATGASCM,UK,YTD2021,34787.814
OECDTOT,EXITS,NATGASCM,UK,YTD2022,35727.528
OECDTOT,EXITS,NATGASCM,USA,2020,71023.192
OECDTOT,EXITS,NATGASCM,USA,2021,79655.895
OECDTOT,EXITS,NATGASCM,USA,3Q2022,20404.801
OECDTOT,EXITS,NATGASCM,USA,Nov-21,7070.708
OECDTOT,EXITS,NATGASCM,USA,Nov-22,6964.617
OECDTOT,EXITS,NATGASCM,USA,YTD2021,72573.518
OECDTOT,EXITS,NATGASCM,USA,YTD2022,77852.094
